"scenario","Year","ACCESS.ESM1.5","AWI.CM.1.1.MR","BCC.CSM2.MR","CanESM5","CNRM.CM6.1","CNRM.ESM2.1","EC.Earth3","GFDL.ESM4","GISS.E2.1.G","HadGEM3.GC31.LL","INM.CM5.0","IPSL.CM6A.LR","MIROC.ES2L","MIROC6","MPI.ESM1.2.HR","MPI.ESM1.2.LR","MRI.ESM2.0","NESM3","UKESM1.0.LL","ensemble"
"historical",1850,63.5,37.2,57.4,65.8,63.1,61.8,NA,62.4,63.1,67.8,60.4,70.7,73.9,56.9,62.2,67.3,69,92.4,66,37.2
"historical",1851,65.3,35.3,56.9,64.8,64.2,64.3,65.6,64.7,63.9,65.4,61.6,71.6,74.3,59.4,65.2,68.5,69.3,92.6,66.2,35.3
"historical",1852,64.6,36.1,57.1,63.9,65.6,63.3,63.7,63.3,64.7,68.9,60.9,69.5,74.7,57.2,66.5,66.1,64.5,92.4,66.9,36.1
"historical",1853,63.4,36.6,57.6,65.9,65.2,61.8,65.2,63.7,65.5,65.7,57.7,71.7,73.7,58.3,66.2,68.5,67.3,93,68.4,36.6
"historical",1854,62.8,36.3,54.9,67.1,65.4,60.9,65.8,65.9,63.3,67.5,57.8,72.2,75.6,58.4,65.4,67.6,68,92.6,68.4,36.3
"historical",1855,64.1,35.6,54.2,66.3,65.7,63.1,66.5,62.6,63.6,66.5,60.6,69.9,75.4,59.3,66.1,69.7,69.2,93.2,67.3,35.6
"historical",1856,63.9,36.3,55.1,64.7,64.8,61.5,65.3,62.9,65.2,66,59.4,71.6,74.3,60.6,64.8,67,64.8,92.4,68.7,36.3
"historical",1857,63.7,34.9,57.2,64,65.6,63.7,65.8,64.3,65.3,65.9,60.9,72.6,74.6,61.1,66.9,69.7,67.3,92.5,66.8,34.9
"historical",1858,59.1,35,57.9,62.2,63.1,62.5,64.6,65,62.8,67.4,57.9,72,74.5,56.2,65.5,67.7,67.9,92.5,67.6,35
"historical",1859,62.9,30.5,53.9,64.7,64.7,64.4,63.6,65.1,64.3,67,64.2,72.7,75.4,59.5,65.3,65.8,67.9,92.5,66.5,30.5
"historical",1860,64.2,34.2,53.8,62.8,64.7,62.3,64.2,63.3,62,64.4,59.6,72.4,73.6,60,66.3,69.9,68.3,92.5,67.3,34.2
"historical",1861,63.4,35.4,55.6,66.3,64.5,61.5,65.4,64.6,65,66.5,63,73.2,75.6,56.8,63.8,68.5,68.9,93,66.2,35.4
"historical",1862,64.3,33.4,54.4,66.2,63.4,64.1,64.1,64.5,63.7,67,63.3,72.5,75.3,57.2,65.2,69.4,66,92.3,66.7,33.4
"historical",1863,64.4,35.4,56.3,65.9,63.6,62.6,64.8,60.9,63.9,64.4,61.1,68.8,76.5,59.8,65.3,65.9,67.6,93.3,66.2,35.4
"historical",1864,61.9,32.6,56.8,64.9,65.2,63.3,63.4,61.1,63.7,66.7,63.6,72.3,75.1,56.9,64.1,69.6,68.2,92.2,69,32.6
"historical",1865,61.8,38.3,56.2,63.4,64.9,61.5,63.6,61.6,64.7,69.3,62.2,73.2,73.7,57.1,63.2,70.2,67.8,92.6,66.8,38.3
"historical",1866,62,36.2,60.9,65.8,64.9,62.8,64.7,66.2,64.8,63,60,73.3,71.9,57.9,66.3,69,67.7,92.5,67.5,36.2
"historical",1867,60,34.2,55.1,66.9,63.4,63,64.3,65.4,62.5,66.7,59.2,73.4,74.6,59.1,65.9,68.9,66.7,93.2,66.6,34.2
"historical",1868,63.1,33.3,57.3,65.4,65.3,64.2,63.6,64.3,66,65.6,59.3,72.6,73.8,56.2,66.1,68,66.4,92.9,66.4,33.3
"historical",1869,64.2,37.1,57,65.6,64.8,62.6,64.7,64.3,65,65.9,62.8,72.9,73.1,59.1,63,69.4,67.8,93,67,37.1
"historical",1870,63,34.4,54.6,64.7,65.4,62.3,64.4,60.4,64.2,68.5,61.3,71.9,74.4,57.7,65.7,65.5,66.2,92.3,64.8,34.4
"historical",1871,62.3,37.4,57.3,66,64.8,62,64.7,65.4,63.5,67.9,63.6,72.9,76,57.1,63.2,69.5,66.4,92.9,69.3,37.4
"historical",1872,65,32.9,62.6,64.2,65.2,63.4,64.1,63.8,62.9,67.7,62.9,73.3,74.7,57,65.1,69.2,68.5,92.4,65.7,32.9
"historical",1873,62,33.2,57.7,64.1,62.8,63.1,64.2,63.1,63.5,67.8,60.9,72.5,75.1,58.3,64.7,69.5,67.3,93.3,67.4,33.2
"historical",1874,63.7,30.1,57.5,64.2,64.7,62.7,64.6,64.1,63.5,66.4,57.1,72.5,75.3,58.1,64.9,69.1,68.1,92.3,68,30.1
"historical",1875,60.1,32.3,54.4,66.2,65.4,63.2,66.3,62.9,63.9,65.6,61.3,72.6,75.2,59.8,65.2,69.2,67.8,92.7,66,32.3
"historical",1876,63.7,35.6,55.1,65.1,65.5,62.1,64.3,63.2,63,64.6,63,73.3,75,58.9,65.9,67,68,92.7,67.5,35.6
"historical",1877,61.9,35.9,56.9,62.4,64.4,63.2,64.7,63.5,64.4,64.4,60.3,71.9,77.6,58.4,63,66.9,69.4,93.1,67,35.9
"historical",1878,65.9,33.2,53.4,66.3,63.9,63.2,65.2,64.8,64.7,68.4,62.8,68.5,74.7,59.7,65.7,66.5,68.3,92.7,65.6,33.2
"historical",1879,60.3,33.6,57.4,67.1,64.2,63.8,66.6,64.8,64.3,67.1,59.5,72.5,75.6,58.5,65.4,70,66.6,93.2,68.1,33.6
"historical",1880,61.7,34.4,56.8,64.9,65,62.6,65.4,67.4,64.4,66.2,58.8,72.7,75,57.1,65.3,68.1,65.5,93,67.6,34.4
"historical",1881,63,35.6,57.7,66.9,65.1,62.2,64.7,64.9,64,67.8,62.2,71.9,74.2,58,64.5,69.6,68.4,93.3,68.8,35.6
"historical",1882,65.3,36.4,59.8,67.5,63.1,63.4,64.1,61.2,65,66.1,58.6,73.2,74.4,59.5,64.7,67.4,67.4,92.8,67.6,36.4
"historical",1883,63.7,33.2,54.4,62.9,64.3,63.8,65.5,64,65.6,68.8,63.2,70.8,75.2,59,64.3,67.1,68.4,92.8,68,33.2
"historical",1884,65.5,36.2,57.2,67.3,63.9,64.1,66.6,63.9,64,66.4,63.4,74.2,74.5,58.8,66.3,68.9,65.9,92.9,68.3,36.2
"historical",1885,64.2,34.6,57.4,65.5,61.9,63.6,65,63.8,62.6,69,60.3,72.3,77.1,59.6,67.5,69.3,67.8,92.7,69,34.6
"historical",1886,64.8,32.3,59,67.3,64.8,62.1,65.5,64.2,63.9,64.4,60.1,73.5,73.2,58.1,66.9,67.9,66.7,92.5,69.3,32.3
"historical",1887,61.4,33.9,58,60.9,64.5,63,66,63.7,63.8,68.8,58.9,71.4,74.3,57.6,64.8,66.7,67.6,92.9,65.1,33.9
"historical",1888,62,34.5,57.7,64.9,65.4,61.5,63.9,62.9,64.6,65.3,60,74.6,75.6,57.5,62.9,68.6,67,92.3,68.2,34.5
"historical",1889,63.9,35.6,56.6,65.9,64.1,63.3,67,63.1,64.7,70.4,60.7,72.3,75.9,59.2,64.6,69.1,69.9,92.7,67.8,35.6
"historical",1890,64.8,33.4,56.2,63.1,65,62.5,65.7,61.7,64.9,65.5,60.7,72.5,75.9,56,61.9,70.1,68.6,93,67.1,33.4
"historical",1891,65.2,34.7,54.9,67.4,65.4,63.3,64.8,61,64.4,67.9,63.2,73.5,75.4,59.3,64.7,69.2,69.6,93.4,68.1,34.7
"historical",1892,64.6,36.1,55.1,65.1,65.1,61.3,65.6,61.6,63.1,63.3,64.7,72.7,75.2,59.1,66.9,69.7,66.9,93,67.8,36.1
"historical",1893,65.3,34.3,60.7,67.3,65.2,61.4,67.7,60.8,64.5,65.4,63.6,73.4,74.1,59.2,65.4,67.7,67.9,93.1,67.5,34.3
"historical",1894,64,36,58.7,63,65.2,62.6,63.9,64.8,65.4,64,61.1,72.7,74.9,59.5,65.7,69.1,68.2,92.4,67.3,36
"historical",1895,64.7,35.1,56.2,63.5,65.3,63.2,65.4,63.5,64.6,66.3,61.2,73,76,56.4,65.1,69.2,66.6,92.4,67.6,35.1
"historical",1896,62.4,36.8,56.7,66.2,63.9,63.2,66,66.6,65.4,68.4,60.9,72,75.4,59.5,66.7,68,68.9,92.6,66.1,36.8
"historical",1897,64,33.9,59.2,64.4,63.9,62.8,64.5,62.8,64.7,66.5,60,73.8,74.9,59.6,64.6,70.7,65.5,93.1,66,33.9
"historical",1898,60.3,37.9,55.8,63.1,63.3,61.8,65.9,63.9,66.2,65.2,63.2,71.4,75.6,59.4,64.2,68.5,67.2,93.1,67.3,37.9
"historical",1899,63.2,34.7,55.8,66.5,62.2,63.4,65.2,64.4,64.8,67.1,58.6,72.1,75,58.2,65.3,70.4,68.4,93.4,67.9,34.7
"historical",1900,63.7,35.9,57.4,66.9,65,62.7,64.7,63.9,64,65.6,59.4,71.9,73.6,58.6,65.2,66.8,67.5,93.5,67,35.9
"historical",1901,62.3,36.9,55.1,63,64.1,63.2,66.1,63.6,64.1,68.5,62.1,72.1,75.5,58.3,65.6,69,68,93,66.2,36.9
"historical",1902,63.7,34.7,51.2,62.6,65.9,63.5,65.2,63.4,65.5,65.2,61,72.8,75.8,60.1,65.7,68.9,67.6,92.9,65.9,34.7
"historical",1903,65.8,35.9,57.1,65.6,64.4,62.7,66.7,64.7,65.1,69.1,61.6,74.2,75.5,60.3,66.6,69.8,70.5,93.4,68.9,35.9
"historical",1904,64.3,38,55.6,65,64.3,63.5,65.1,61.5,65.6,68.4,63,71.4,74.2,60.1,66.1,71.1,67.6,92.5,68.6,38
"historical",1905,62.9,33.7,59.9,66.7,65.3,63.2,65.1,66,64.6,67.5,63.3,73.3,74.8,59.6,65.1,69.6,67.8,93,68.7,33.7
"historical",1906,63.7,32.7,56.9,66.8,64.7,63.3,67.2,62.1,64.3,65.3,60.3,73.3,75.5,58.7,66.6,69,68,93.1,66.3,32.7
"historical",1907,64.8,32.7,56.1,67.7,65.6,62.7,66.6,62.9,63.3,67.6,61.3,73.3,76,59.5,65.7,70.7,68.2,93.1,68.6,32.7
"historical",1908,66.2,33.8,56.4,66,64.5,63.1,66.4,63.2,65.3,67,59.4,73.9,74.1,56.4,65.5,69.4,69.1,92.8,67.1,33.8
"historical",1909,61,33.4,58.2,65.3,65.1,62.5,66.6,64.4,63.2,65.6,58.7,68.6,75.3,57.1,64.8,67,67.8,92.9,68.5,33.4
"historical",1910,64.6,31.1,57.8,64,65.3,63.4,65.1,66.1,63.8,67.6,59.7,73.1,75.1,59,65.8,70.6,65.9,92.6,66.5,31.1
"historical",1911,63.1,34.6,55.5,64.7,65.4,63.3,66.5,62.5,64.5,69.6,62.3,72.5,73.6,59,66.4,69.2,67.7,93.3,68,34.6
"historical",1912,63.1,35,58.1,69.1,64.4,63.8,65.4,65.4,66.5,70.9,62.6,72.1,76.2,57.9,65.3,69.7,68.1,92.7,68.4,35
"historical",1913,61.5,37.2,59.5,65.2,65.2,63.4,65.6,66.2,64.6,65.6,65.4,72.8,76.4,60.5,65.4,70.3,68.8,92.5,69.3,37.2
"historical",1914,63.2,32.2,59.6,65.8,63.4,62.4,63.8,66,66.5,65.6,60.1,71,73.5,59.2,64.5,69.7,69.2,92.7,66.9,32.2
"historical",1915,63.4,32.2,59.2,63.5,64.8,62.2,66.4,63.9,64.3,69.3,59.4,73.7,73.6,59.4,66.6,68.2,67.4,92.6,68.3,32.2
"historical",1916,65.7,32.6,56,66.5,65.5,62.8,66.4,64.7,63.8,68,61,74.2,74.3,57,63.6,69.3,68.3,93,69.7,32.6
"historical",1917,64.2,33.1,56.4,66.1,65.5,62.2,65.5,65.6,63.4,69.5,60.5,74,71.7,58.8,65.6,67.8,68.3,92.7,69.1,33.1
"historical",1918,62.8,34.4,58.7,65.9,64.7,64.5,67.1,64.6,64.9,67.8,61.6,74.2,74.5,57.9,65.2,67.9,68,92.6,68.3,34.4
"historical",1919,61.2,35.4,56.3,67.2,64.7,62,67,66.3,64.4,70,55.6,72.2,73.6,59.8,67.1,67.3,66.8,93.1,66.8,35.4
"historical",1920,62.1,33.6,57.8,65.5,64.8,63.2,65.4,66.9,65.5,68,58.2,72.7,74.9,56,64.4,69.5,69.3,92.8,68.8,33.6
"historical",1921,61.4,36.8,54.4,68.3,66,63.1,66.2,65.9,64,66.1,60.3,71.9,75.6,60.1,65.7,68.7,68.3,92.4,67.5,36.8
"historical",1922,64.2,32.2,57.3,66.5,63.9,62.9,64.6,66.6,64,68.7,58.7,73.5,75.4,58.9,64.9,67,67.5,93.2,64.5,32.2
"historical",1923,61.2,31.6,64,66.8,65.8,64.7,65.3,64.5,63.8,68.7,59.9,73.4,75.7,59.8,64.8,68.7,69.6,93.1,67.4,31.6
"historical",1924,62.3,37.3,54.4,65.9,65.4,63.1,64.8,65.5,64.2,69.9,59.8,73.5,75.6,57.6,65.6,69.3,67.9,93.2,66,37.3
"historical",1925,63.4,37.1,55.4,67.6,64,61.9,64.8,63,64.3,68.7,59.6,73.9,74.7,58.7,64.5,68,66.4,92.8,66.2,37.1
"historical",1926,61.9,37.8,53.6,66.1,63.9,63,66.5,65.5,62.6,67.2,59.5,72.4,76.8,59.7,66.9,69.9,68.8,92.9,68.4,37.8
"historical",1927,63.1,36.3,54.7,64.8,64.4,64.1,63.1,65.9,65,66.6,61.4,72.6,74.7,60.4,64.4,70.6,66.6,92.9,66.8,36.3
"historical",1928,64.4,33.6,54.8,67.8,65.4,62.6,66,63.4,63.6,70.2,60.9,73.3,73.5,59.7,62.4,68.2,67.8,92.8,64.4,33.6
"historical",1929,64.9,36.6,56,68.5,63.7,64,66.9,66.7,64.8,66.4,56.9,73.3,77.3,60.1,65.6,67.6,68.2,93.1,65.8,36.6
"historical",1930,63.7,37.9,58.7,67.9,65,63.7,63.6,62.8,65.2,65.5,55.4,73.1,74.2,59.6,66.6,67.8,68.4,93.2,69,37.9
"historical",1931,62.1,36.7,57.8,66,65.5,63.3,63,67.4,64.1,67,60.2,74,76.1,58.1,65.6,67.9,69.1,92.8,67.4,36.7
"historical",1932,64.3,35,55.9,63.1,63.8,60.9,65.1,60.3,63.4,67,60.8,74.9,74.1,59.7,63.4,68,67.3,93.2,69.1,35
"historical",1933,60.5,34,57.5,66,65.5,63,67.2,63.5,65.1,69.3,60.7,71,75.3,59.4,67.3,69.1,68.3,92.7,68,34
"historical",1934,64.2,36.4,60.1,63.9,66,62.7,64.2,62.3,62.9,69.8,59.6,73.1,72.5,59.2,64.6,68.7,67.9,92.9,68,36.4
"historical",1935,62.4,37,60,65.1,63.2,64.2,65.9,66.7,62.2,68.7,58.1,72.9,73.1,59.4,64.9,65.6,66.2,92.8,68.4,37
"historical",1936,62.2,36.3,54.7,66.1,62.7,63.6,66,65.2,65.2,66.3,62.2,73.8,74.1,58.6,63.5,68.8,67.2,93.4,66.1,36.3
"historical",1937,62.7,34.1,58.4,65.4,63.7,63.2,65,65.6,62.4,67,60.6,71.7,75.4,58,63.7,70.1,67.8,93.6,68.6,34.1
"historical",1938,63.2,38.4,59.5,64.7,64.8,62.6,66.4,63,63.9,66.1,60.8,72.8,75.1,57.4,64.2,69.8,69.1,92.8,67.7,38.4
"historical",1939,61.5,32.6,64,66.2,65.2,62.7,67.2,64.8,63.3,71.1,59.6,72.7,76.8,59.6,66,67.9,67.6,93,66.5,32.6
"historical",1940,64.3,34.2,59.4,65.3,65,62.9,66.5,62.9,64.8,67.4,57.4,73.9,75.9,57.9,66.3,66.6,68,93.2,69.1,34.2
"historical",1941,61.2,36,59.7,66.1,65.3,63,65.9,60.1,63.1,65.7,61.2,73,74.8,58.8,67.9,69.8,69.1,92.7,67.6,36
"historical",1942,64.6,33.9,60.7,67,63.8,62.5,65.5,64,64,69.2,62.2,74.6,76.1,58.6,66.7,69.8,66.4,92.6,67.1,33.9
"historical",1943,64.6,34.7,60.6,68.6,64,62.5,65.1,62.7,63.1,68.6,60,72.4,73.5,60.9,66,68.8,68.2,93.1,63.2,34.7
"historical",1944,64,37.1,55,66,65.4,64.3,66,61.7,64.9,69,61.4,73,74.6,58.9,63.4,68,69.1,92.8,66.8,37.1
"historical",1945,62.7,29.9,55.8,65.1,65,63.3,66.5,64.3,64.8,64.8,63.6,72.3,73.7,60,65.9,66.3,69.8,93,69.8,29.9
"historical",1946,62.8,34.5,58.6,64.1,65.9,64,65.9,63.5,64.2,66.6,60.4,74.5,75.6,58.4,63.2,70.4,67.3,92.8,66.9,34.5
"historical",1947,63.8,36.3,59,67,65.6,61.5,65.3,65.5,63.9,69.7,61,73,75.5,60,64.9,68.2,67.1,92.8,68.4,36.3
"historical",1948,61.2,37.1,58.3,65.9,65.6,63.9,65.7,60.7,63.4,68.5,59.2,72.5,74.7,60.4,64.9,69.7,66.5,93.4,67.4,37.1
"historical",1949,63.4,36.6,57,66.2,65.7,63.7,65.7,63.3,62.5,69.5,59.4,74.1,73.4,58.9,65.1,69.2,69,93,68.7,36.6
"historical",1950,67.2,33.2,58,66.7,65.6,63,65.2,66.5,64.3,69.4,59.7,74,75.9,59.1,66.3,69.1,67,92.8,68.5,33.2
"historical",1951,59.9,37.4,58.6,66.4,65.2,64.1,67.3,65.7,63.4,66.4,61,74,75.7,57.6,65.6,70.9,69.4,92.5,69.1,37.4
"historical",1952,64.8,35.2,61.4,65.1,65,61.5,67.2,64.6,63.9,66.7,62.6,72.3,72.5,59.9,66.4,69.2,68.7,93.2,67.4,35.2
"historical",1953,63.6,39.1,55.3,65.5,62.7,64.1,66.9,65.5,64.1,69.7,58.3,74.4,76.5,57.3,66.1,68,68.8,92.4,68.8,39.1
"historical",1954,63.5,32.8,57.4,66.3,65.6,64.5,65.4,63.5,63.6,67.9,60,73.2,76.4,60.4,65.5,67.6,68,92.5,68.5,32.8
"historical",1955,63.2,32.6,60.5,67.4,65.9,62.9,67.4,65.6,62.9,67.6,61.4,73.7,76,58.7,62.4,68.9,67.5,93.1,66.7,32.6
"historical",1956,60.3,33.2,57.3,66.7,64.2,62.4,65.7,66.9,62.7,70.9,62.5,72.5,75.5,59.4,63.3,66.3,67.4,93.3,67.2,33.2
"historical",1957,61.8,31,58.9,66.2,65.1,63.4,65.1,63.2,63.4,64.7,62.9,73.5,74.5,59,63.8,68.8,67.2,93,67.3,31
"historical",1958,65.9,35.3,53.6,65.9,66.4,64.4,65.2,63.2,64.2,68.2,64.9,73.7,75.4,57.5,66.2,68.2,68.3,93.3,67.8,35.3
"historical",1959,62,36.3,54.6,66.2,66,64.3,66,65.2,64.2,67.3,57.5,72.4,75.6,59.8,65.5,69.8,68.7,93.4,70.3,36.3
"historical",1960,65.3,34.6,61.2,65.1,64.2,63.9,65.2,64.3,65.1,71.3,62,74.1,75.3,58.3,66.8,70,67.6,93,68.8,34.6
"historical",1961,64.2,35.9,55.5,67.1,64.9,62.8,66.7,64.6,65.2,68.2,63.5,74.2,77,60.1,65.9,68.3,69.4,92.8,69.4,35.9
"historical",1962,66.2,40.3,57.4,67.1,65,64.6,65.9,66.7,64.9,69.7,61.7,72.5,74.4,61.3,65.6,69,68.5,93.3,70.1,40.3
"historical",1963,65.3,37.6,54.3,62.2,64.7,63,66.7,66.1,64.2,70.1,60,73.4,73.2,59.3,65.1,69.1,68.5,93.6,67.7,37.6
"historical",1964,60.6,36.4,57.6,63.5,65.3,65.2,66.5,63.8,64.1,69.9,61.3,72.1,74.8,59.3,65.8,68.4,66.9,92.8,69.5,36.4
"historical",1965,64.5,34,59.3,65.7,64.6,63.8,66.6,63,64.1,69.2,61.5,72,76.1,60.2,66.2,69.7,68.4,93,67.9,34
"historical",1966,61.1,35.7,59.5,68.2,64.1,63.5,65.2,65.7,65.5,68.1,61.9,72.9,73.7,59.1,65.5,70.1,66.5,92.6,67.8,35.7
"historical",1967,63.7,37.5,57.7,64.7,65.5,64.6,66.6,64,64.2,69.4,60.2,75.9,76.7,58.6,66.8,68,67.4,93,68.7,37.5
"historical",1968,64.6,37.4,59.6,67.7,64.8,61.7,66.4,65.2,63.4,69.1,60.5,73.3,75.4,60.3,65.1,66.1,69.8,92.1,68.6,37.4
"historical",1969,60.8,37.9,58.7,66.1,64.5,64.5,65.8,63.9,64.1,72.2,59.5,74.1,72.5,58.6,64.6,67.3,66.1,92.9,69.2,37.9
"historical",1970,65.4,35.5,61.1,61.8,65.7,64.2,65.5,67.7,65.4,70,58.7,73.8,73.7,60.7,64.1,68,67.7,92.7,69.4,35.5
"historical",1971,64.5,35.5,57.9,67.1,64.2,64.7,67.3,65.7,65.8,69.2,61.8,74.1,74.8,59,64.6,69.4,67.7,93.4,69.7,35.5
"historical",1972,67.2,38,58.6,67.5,64.8,63.8,64.3,66.6,64.3,67.3,61.9,74.8,74.9,59.8,65.3,68.7,68.1,93.5,70.6,38
"historical",1973,68.4,36.6,55.6,65.7,65.7,63.6,65.7,66.8,63.8,71.2,61.4,73.7,72.8,58.4,64.3,69.5,68,93.3,67.5,36.6
"historical",1974,65.5,35,54.7,67.1,63.1,63,65.9,62.8,64.3,68.7,62.2,70.7,75.6,59.7,67.3,69,68.1,92.9,67,35
"historical",1975,62.1,37.9,60.6,66.5,64.3,62,65.7,64.4,63.9,65.7,61.2,74.3,73.5,59.3,65.6,68.5,68.8,93.1,68.8,37.9
"historical",1976,64.5,34.6,60.6,67.9,65.7,63.2,64.1,65.8,62,69.5,61.9,74.3,75.7,58.5,65.6,67.9,65,93.2,68.9,34.6
"historical",1977,64.7,32.1,60.5,64.6,63.9,65.3,65.7,62.5,62.9,64.8,58.5,74.9,73.2,59.6,67.2,68.1,67.5,92.5,67.2,32.1
"historical",1978,65.3,36.1,60.9,66.8,65.5,64.2,65.9,64.7,64.9,65.7,62.4,75,74.1,61.3,66.7,66.8,69.8,92.5,67.6,36.1
"historical",1979,66.5,36.5,60.4,64.9,62.7,62.8,65.3,64.2,65.3,68.3,62.7,73.5,75.2,59.3,66.5,67.8,68.1,93.2,68.7,36.5
"historical",1980,63.8,38.2,63.2,65.3,64.6,63.8,66.7,64.3,64.7,69.6,63,74.2,73.7,58.6,65.4,68.7,69.2,92.3,68.7,38.2
"historical",1981,65.6,36.8,53.1,65.4,65.5,62.8,67.2,65.6,65.8,71,61.4,74.2,75.1,59.8,65.4,70.6,68.4,92.6,68.4,36.8
"historical",1982,64.5,33.2,61.3,62.8,64.9,62.5,67.4,64,64.1,70.5,59.9,72.9,75.5,59.3,64.9,68.2,67,93.2,66.2,33.2
"historical",1983,65.9,33.7,54.8,67.7,65.2,65.5,64.3,66.4,63.4,69.7,65.1,74.5,75.7,61.7,65.5,70.5,68.2,93.1,64.9,33.7
"historical",1984,64.9,34,54.8,65.8,65.5,64.1,66.9,65.8,62.7,65.2,63.5,73.8,74.5,60.4,65.2,66.7,69.2,93.2,68,34
"historical",1985,64.4,34.1,62.7,66.6,63.5,63.9,67.4,67.9,64.9,63.6,61.4,71.8,76.9,60.1,63.8,69.3,66.6,92.6,67.2,34.1
"historical",1986,64.5,35.1,56.6,68.8,66.7,63,67.1,65.6,64.2,68,63.2,74.3,74.3,59.9,66.4,67.6,70.5,92.5,67.5,35.1
"historical",1987,60.6,38.8,61.1,67.7,64.7,62.5,67.9,65.9,63.5,65.8,60.9,72.1,75.5,59.7,66.8,68.5,69.7,93.2,66.6,38.8
"historical",1988,62.8,36.3,58.9,66.6,64.8,64.7,66.7,60.1,64.3,68.7,62.4,74.7,76.6,59.6,64.3,69.6,68.4,93.6,66.9,36.3
"historical",1989,61.2,36.5,55.4,66.8,64.2,63.6,66.9,61.7,64.6,70.8,59.3,72.7,75.5,60.4,65.7,69.3,67.5,92.6,68.1,36.5
"historical",1990,64.9,36.9,55.7,64.8,65.8,62.2,64.5,61.1,64.3,67.5,57.3,72.4,76.2,60.8,66.7,68.1,68.4,93.1,67.8,36.9
"historical",1991,64.1,37.8,58.7,64.4,65.5,64.5,64.6,64.9,65.1,67.3,59.3,75,75.1,59.3,64.5,69.7,68.2,93.2,68.3,37.8
"historical",1992,65,33.4,58.7,67.8,64.6,64.6,66.8,64.3,65.3,67.9,60.4,73.8,77.3,59.3,65.8,71.1,68.7,93.3,68.9,33.4
"historical",1993,64.8,34.4,58.8,64.4,65.6,65.8,64.5,64.8,65.2,67.5,61.4,74.3,76.7,60.8,65.7,68.9,66.8,92.8,68.6,34.4
"historical",1994,63.8,33.6,54,64.8,63.7,62.9,67.3,66.4,63.9,66.8,60.8,73.5,75.3,58.8,65.3,69.4,68.4,92.6,68.2,33.6
"historical",1995,64.7,38.3,56.3,61.9,64.6,63.3,66.6,67.2,64.5,64.7,60.4,72.4,75.1,60.6,67.3,68.5,68,92.7,67.7,38.3
"historical",1996,62.9,32.9,54.4,62.3,64.9,63.3,65,64.4,65,67.2,59.4,73.4,73.6,59.2,64.7,68.5,68.1,92.5,66.8,32.9
"historical",1997,64.7,37.3,54.9,66.1,64.7,64.1,66.6,63.3,65,67.5,62.2,73.9,75.8,59.6,66.2,65.1,68.7,92.5,67.2,37.3
"historical",1998,64.5,35.5,60.5,65.2,65.6,64.1,64.4,65.4,64,65.2,59.6,71.2,74,59,67.1,68.8,70.2,92.8,65.6,35.5
"historical",1999,63.1,35.3,59,63.9,64.5,63.8,65.3,65.1,66.4,64.3,62.2,74.9,75,59.2,64.8,68.7,68.2,92.9,65.9,35.3
"historical",2000,63.5,32.8,59.7,65.2,63.9,62.3,65.4,65.5,64.8,66.6,61.4,72.1,74.3,58.8,65.4,68.7,67.8,92.5,67,32.8
"historical",2001,61.8,33.6,54.2,67,65.8,63.7,64.4,62.7,64.3,67.8,62.7,73.4,75.3,57.9,65,70,69.6,93.2,67.8,33.6
"historical",2002,61,35.1,55,67.2,64.6,63.9,67.1,65.6,65.5,68.1,59.3,72.5,74.3,57.5,66.7,67.7,68.4,93,66.5,35.1
"historical",2003,63.8,37.1,60.9,64.5,64.1,63.3,66.3,62.6,64.7,66,60.8,73.8,75.6,59.7,64.3,68.1,69.6,92.5,64.9,37.1
"historical",2004,64.8,36.3,57.4,66.2,63.7,61.8,63.6,65.4,65.1,63.3,59.2,72.4,76.3,58.6,65.2,68.8,68.8,93.1,67.6,36.3
"historical",2005,65.1,35.4,58.4,66.8,65.1,62.2,66.1,63.4,65.7,65.9,61.9,74,74.7,59.4,65.9,68.3,69.2,92.5,64.5,35.4
"historical",2006,65.5,35.6,61.1,63.8,63.7,62.7,66.3,62.9,65.2,61.3,58.8,74.8,75.6,61.1,64.2,70.3,67.5,92.8,66.4,35.6
"historical",2007,65.5,36.3,59.1,65.8,64.5,63.8,65.4,65.7,64.8,67.7,57.6,73.9,78.6,61.1,66.8,66.7,67.9,92.9,65.2,36.3
"historical",2008,65.4,35.5,54.7,66.3,65.2,63.5,66.1,62.9,62.8,68.6,60.2,74.5,76.1,59.4,65.8,68.9,70.2,93.1,64.9,35.5
"historical",2009,62.7,36.8,58.4,64.3,64.3,63.8,65.9,63.3,64,66.6,61.2,74.6,76.4,60.2,65.8,68.4,69.5,92.9,64.5,36.8
"historical",2010,63.6,37.9,53.3,63.9,65.3,63.9,65.7,64.8,64.7,63.7,56.2,73.9,76.4,59.7,66.9,70.6,67.1,93.3,64.4,37.9
"historical",2011,64,33.8,55.3,61.5,64.8,62.6,66,65.7,65.1,62.2,58.3,73.3,75.1,58.9,66,69.6,67.9,92.7,67.9,33.8
"historical",2012,62.4,37.3,58.7,68.7,63.7,65.5,65.7,65.7,64.8,62,58.5,73,76,58.9,63.9,69.6,69.1,93,63.3,37.3
"historical",2013,61.6,35,54.4,63.7,64.4,63.8,66.1,63.7,65.1,62.5,57.2,74.1,73.9,58.2,66.9,70.3,70.2,93.1,66.8,35
"historical",2014,66.1,35.4,56.3,66.5,65.3,64.1,65.3,64.4,64,68.3,60.4,75.1,78.7,57.4,68.2,67.4,69.7,92.5,65.5,35.4
"ssp126",2015,64.6,39.7,63,63.2,65.9,66.2,65,66.1,65,69.2,57.4,73.4,76.6,61.6,68.1,68.3,69.7,93.5,66.4,39.7
"ssp126",2016,64.4,39.1,62.3,65.3,65,63.1,66,62.6,63.8,71.2,67.7,74.2,76.8,59.3,66.1,68.7,70.8,93.1,64.7,39.1
"ssp126",2017,60.4,38,60.3,63.9,65.9,65.3,65.8,67.2,63.4,69.5,62.5,74,76.2,57,67.9,67.8,69.6,93.4,64,38
"ssp126",2018,62.4,36.7,55.3,65.6,65.7,63.9,67.3,67.1,65.9,67.8,62.8,72.3,76.3,58.8,67.7,70.4,71,93.9,66.2,36.7
"ssp126",2019,65.9,39,59.9,66.1,63.5,64.4,65.9,62.8,63.6,68.9,62.4,74,76.5,58.6,64.5,68.4,70.6,93,64.6,39
"ssp126",2020,64.9,38.9,58.1,66.2,64.6,61.2,64,64.3,64.1,64,63.5,75.8,77.8,58.2,66.8,70.7,68,92.8,65.8,38.9
"ssp126",2021,60.9,37.4,57.3,64.6,65,62.8,66.4,67.9,64.9,68.6,66.3,74.2,76.2,60.4,64.5,68.2,71.5,93.4,65.8,37.4
"ssp126",2022,63.4,42.5,52.7,63.2,66.2,63.3,66.2,64.2,65.5,69.7,60.6,73.7,75.2,58.4,66.5,68.9,69.9,93.4,62.8,42.5
"ssp126",2023,63.8,35.3,56.9,64.3,65.7,65.5,66.6,64.6,66.3,67.7,60.3,75,76.3,58.4,67.4,66.8,72.7,93.4,67.4,35.3
"ssp126",2024,62.6,41.9,57.7,66.9,66.4,65.5,66,67.3,66.5,66.5,66.8,74.9,77.6,58.9,66.8,68.4,70.3,93.3,66,41.9
"ssp126",2025,65.6,38.7,62.3,63.9,64.9,65.4,65.4,63.7,64.9,64.5,59.8,72.9,74.7,60.4,66.8,69.7,69.5,94,65.6,38.7
"ssp126",2026,63.8,40.7,57.6,67.7,65.9,64.7,64.8,66.5,65.8,64.7,62.8,74.7,76.2,57.4,66.3,69.5,72.1,93.5,65.3,40.7
"ssp126",2027,66.7,36.4,61,65.2,66.7,64.4,65.7,63.8,65.5,71.2,63.8,74,74.9,59.6,64.5,67.4,70.8,93.6,65.2,36.4
"ssp126",2028,63.3,38,55.3,61.2,67.3,63.6,65.3,65.1,65,68.2,67.6,74.9,73.4,58.4,67.4,68.8,69.6,93.8,65.4,38
"ssp126",2029,63.8,40.1,55.3,66.2,65.5,64.9,66.6,64.7,64.3,66.1,58.8,75.1,76.1,59.7,66.2,68.4,70.8,93.7,65.3,40.1
"ssp126",2030,64.7,38.9,60.7,64.1,65.7,64.2,66.9,66.9,65.7,69.7,67.2,75,74.6,56.7,66.9,68.7,72.7,94.2,65.5,38.9
"ssp126",2031,62.6,39.8,60.8,61.5,65.4,65.1,64.6,68.3,64.8,69.1,61.2,74.9,76.6,58.7,66.8,68.6,70.6,93.7,64.1,39.8
"ssp126",2032,65.4,40.4,57.7,66.2,64.9,64.8,65.9,63.1,65,71.8,65,75.2,77.4,58.7,67.6,68.7,70.5,93.1,64.8,40.4
"ssp126",2033,63.7,35,55.9,67.2,66.4,66,66,63.6,64.3,67.4,64,74.8,75.4,60.2,67,70.4,69.5,93.6,64.9,35
"ssp126",2034,62.4,39.9,53,67.3,64.3,64.1,65,68.3,65.8,64.9,68.4,74.7,78.7,58,67.8,69.5,71.1,93.6,65.2,39.9
"ssp126",2035,63.2,40.1,56.3,64.3,64.7,66.8,64.4,60.2,64.6,71.9,61.1,74.8,75.7,59.3,66,69.5,71.5,93.9,64.6,40.1
"ssp126",2036,62.3,39.7,58,64.1,65.6,64.1,65.9,63.5,66.3,62.2,66.4,75.3,76.2,59.3,68.5,68.7,69.1,94.1,66.5,39.7
"ssp126",2037,65,39.7,59.6,67.6,66.6,64.2,66.9,64.3,63.9,68.6,61.9,72.9,75.7,59.1,65.4,66.8,72.4,93.4,62,39.7
"ssp126",2038,62.4,39.5,58.1,65,66.3,63.6,65.4,65.5,65.8,64.2,63.9,74.9,75.9,59,65.5,68.7,72,93.3,65.7,39.5
"ssp126",2039,63.7,38,56.6,61.8,65.3,64.1,65.1,70.3,65.3,68.9,62.9,75.8,78.7,58.4,66.7,67.5,71.6,93.5,64.3,38
"ssp126",2040,62.3,36.5,58.2,64.3,66.3,65.5,66.6,64.1,64.5,61.8,65.4,74.6,73.6,58.5,68.2,68.6,73.1,93.8,61.1,36.5
"ssp126",2041,63.1,35.1,58.5,64.2,63.7,65.5,65.1,67,65.3,70.1,61.8,74,76.1,59.1,68.3,70.4,70.8,93.5,65.9,35.1
"ssp126",2042,63.9,37.6,59.1,63.5,66.8,62.8,66.3,67.9,65.6,67,59.5,74.3,75.2,59.9,69.8,70.3,69.4,93.4,65.8,37.6
"ssp126",2043,67.2,35.3,59.3,65.9,64.6,62.7,67.6,62.2,63.4,68.3,64.4,73.7,77.3,59.1,64.8,67.5,70.4,93.4,64.8,35.3
"ssp126",2044,64.5,38.3,53.6,61.8,65.5,65,65.6,62.4,65.4,65.6,63.2,72.4,78.1,60.3,63.9,69.7,72.5,93.2,63.3,38.3
"ssp126",2045,66.5,37.7,55.7,66.9,66.1,65.5,65.8,62,65.5,66.2,63.1,75.7,76.4,57.7,65.4,68.8,73.7,93.5,65.4,37.7
"ssp126",2046,62.5,35.5,53,59,65,64.1,66.9,63.2,63.7,70.5,60.3,73.5,74.2,59,67.9,67.6,73.1,93.7,66.4,35.5
"ssp126",2047,62.6,38.4,60.7,65.5,63.5,62.4,65.3,68.6,63.7,65.5,60.8,75.7,77.3,60.3,67.3,69.1,72.4,93.8,65.6,38.4
"ssp126",2048,63.3,41,59.7,64.9,65.8,63.6,66.3,65.1,65.6,65.7,64.6,74.6,78,58.9,67.2,71,71.8,93.8,63,41
"ssp126",2049,62.1,39.1,62.5,63.9,65.4,63.4,64.2,66.9,64.2,66.5,67.4,74.5,77.2,58.3,66.5,68.8,70.9,92.9,63.6,39.1
"ssp126",2050,63.6,36.2,55.7,66.7,66.5,64.7,64.6,64.6,67.5,64.5,61.1,73.6,75.9,59.1,67.7,67.9,72,93.7,64.3,36.2
"ssp126",2051,64.9,34.2,55,62.1,64.7,62.3,64.9,67.1,63.9,65.5,62.8,73.3,77.5,59.2,66.7,68.3,70.4,94,64.8,34.2
"ssp126",2052,63.7,38.2,53.6,62.2,65.6,64.3,64.8,64.5,66.8,68.2,59.1,75.4,76.9,59.3,67.3,68.1,71.3,93.6,66.4,38.2
"ssp126",2053,64.4,39.4,64.7,64.3,65.6,64.8,67,62.9,65,67.5,58.6,72.4,76,60,67.9,69.3,72.3,93.4,63.2,39.4
"ssp126",2054,62.6,40.2,54.5,66.1,64.1,63.8,65.9,62.7,64.6,66.3,62.9,75.4,75.1,58.4,68.5,71,69,93.8,66.2,40.2
"ssp126",2055,64.5,43.7,59.1,62.7,66.1,64.4,67,61.9,65.1,65.3,63.5,74,76,59.7,66.7,68.8,71.7,93.4,65.8,43.7
"ssp126",2056,61.4,40.3,57.2,66.2,65.8,64.4,65.9,64.7,65.3,64.9,60.1,75.3,77.1,58.4,66.7,70.9,71.4,93.6,65.4,40.3
"ssp126",2057,64.4,33.5,57.8,65.2,65.7,65.9,65.1,63.7,65.8,65.8,66.3,76.2,77.4,59.8,65.5,67.3,71.1,93.4,66.2,33.5
"ssp126",2058,60.8,38,52.7,61.4,64.6,64.1,67,65.6,65,67.7,58.6,74.2,78.3,57.7,68,68.7,69.1,93.5,66.3,38
"ssp126",2059,62.5,41.3,55.2,66.6,65.1,63.9,64,65.9,65,64.5,61.7,75.4,76.6,58.2,67.3,67.1,70.6,94.2,66.4,41.3
"ssp126",2060,63.8,42,55.5,65.7,66,63.9,64.9,64.1,64.5,61.8,62,75.5,73.8,59.1,67.2,67.5,71.1,93.4,63.7,42
"ssp126",2061,62.3,41.5,60.4,64.8,65.3,63.5,64.5,62.1,65.4,67.4,61.9,74.5,77.5,58.8,67.8,69,69.8,93.6,64,41.5
"ssp126",2062,66.5,38.2,58.9,63.2,66.3,64.6,64.8,61.8,65.8,66.1,65.8,73.5,78,57.8,66.9,69.1,70.8,94.3,64.1,38.2
"ssp126",2063,65.7,38.7,59.3,58.3,66.6,66.6,66.4,65.8,66.3,64.4,66.8,76,77.5,59.1,68.2,68.5,71.1,94.3,65.2,38.7
"ssp126",2064,63.2,38.7,59.3,64.8,65.1,63.9,66.9,66.2,64.1,67.7,64.6,74.9,76,57.8,67.4,67.7,73.5,93.6,64.6,38.7
"ssp126",2065,62.7,40,56.1,66,65.6,64.5,62.9,66.1,64.8,67.3,63.4,74.1,75.9,57.6,67.7,67.9,72.4,94,64.4,40
"ssp126",2066,64.8,41.1,54.8,65.7,63.5,63.6,65.3,61.4,65.3,66,59.4,73.7,75.5,56.5,67.7,69.3,72.6,93.6,64.7,41.1
"ssp126",2067,64.9,36.7,62.5,63,63.1,63.7,67.1,66.7,65.5,63.1,63.4,75.6,77.1,59.1,66.7,68.8,72.5,93.5,62.6,36.7
"ssp126",2068,63.5,39.6,57,64.1,64.7,62.8,64.2,63.7,64.8,71.2,65.5,75.3,79.7,58.2,65.4,67.8,72.4,94.3,66.3,39.6
"ssp126",2069,64.2,38.5,58.2,66.2,65.6,63.9,64.4,65,65.8,67.5,63.3,75.7,78.3,60.2,65.6,69.7,72.4,94.2,65.3,38.5
"ssp126",2070,62.9,37.7,56.7,66.1,65.5,64,66.3,62.9,66,63.3,66.5,74.9,76.5,59.2,68.9,69,71.3,93.8,64.1,37.7
"ssp126",2071,62.2,43,62.2,65,65.4,62.2,65.4,66.9,65.6,64.8,65.4,75.5,74.5,57.2,68.7,68.3,69.3,93.2,65.7,43
"ssp126",2072,64.7,35.2,64.8,64.3,65.1,64.6,64.6,65.1,65.5,66.9,62.2,72.6,74.8,58.3,68.9,69.3,70.1,93.3,63.3,35.2
"ssp126",2073,63.5,33.7,52.2,66.1,64.8,65.1,65.5,64.2,65,70.5,62.3,75,75.5,59.4,69,68.2,71.9,93.7,62.6,33.7
"ssp126",2074,64.9,41.7,57.2,64,64.3,65.1,64.1,59.8,64.7,67.4,62.3,74.1,77.4,56.9,64.7,69.5,70.9,93.7,64.7,41.7
"ssp126",2075,63.6,35.5,52.7,64.6,65.1,63.9,65,64.1,64.8,66.2,63.5,75.8,76.1,59.3,67.3,68.5,68.2,94.1,64,35.5
"ssp126",2076,61.8,39.4,57.7,64.1,63.8,63.6,65.5,63.8,66.2,70.1,64.2,73.8,76.5,60.5,66.5,69.7,70.6,93.9,64.8,39.4
"ssp126",2077,61,36.9,57,65.1,65.8,64.2,65.6,65.6,65.3,64.7,62.9,73.6,76.5,58.1,66.6,67.2,71.3,94,63.2,36.9
"ssp126",2078,65.4,37.3,54.8,65.2,64.5,64.3,64.8,65.6,65.8,64.1,62,74.4,78.1,60.4,66.3,68.1,69.7,93.9,63.8,37.3
"ssp126",2079,63.7,40.7,57.4,64.7,64.9,65.6,64.9,65,65,58.4,63.8,75,76.4,59.4,67,70.7,69.4,93.7,63.7,40.7
"ssp126",2080,63.6,44.4,59.3,64.5,65,64.5,66.1,68.9,63.6,64.9,62.2,75.3,78,58.6,65.9,68.6,75.2,93.6,65.5,44.4
"ssp126",2081,65.4,40.1,55.1,65.8,64.9,64.4,66.6,62.7,66.2,65.4,62.2,73.4,75.8,58,66.3,70.3,69.6,94.2,66.7,40.1
"ssp126",2082,62,40.5,64.7,61.7,67,65.4,64.6,60.7,66.3,66.7,63.3,74.6,74.1,58.6,67.3,68,71.8,93.2,64.5,40.5
"ssp126",2083,63.5,38.1,60.9,66,65.7,65.5,65.3,66,65.3,64.8,66,73.4,77.8,58.7,64.4,68.7,70.3,94,63.4,38.1
"ssp126",2084,63.2,42.7,51.9,65.8,64.3,64,65.5,65.2,64.3,65,66.8,73,76.7,60.6,66.8,68.3,72.4,94,66.3,42.7
"ssp126",2085,64.9,33.7,60.3,64,65.1,64.8,65.9,66.6,63.9,68,62.6,72.4,76.9,57.4,68.2,64.6,69.6,93.4,63.7,33.7
"ssp126",2086,61,40.7,59.2,67.9,64.4,63.4,66.7,63.8,64.3,65.9,66.5,76.2,76.5,58.6,66.6,68.1,74.1,93.7,64.5,40.7
"ssp126",2087,63.3,37.4,56.2,65.5,63.9,65,65.3,65,64.6,67.1,64.3,74.9,72.6,59.1,67.4,65.5,74.6,94,65.9,37.4
"ssp126",2088,62.7,36.5,59.1,64.5,64.9,64.6,64.8,67.3,63.1,65,60.8,74.1,76.1,58.9,68.7,69.4,72.3,94.1,61.4,36.5
"ssp126",2089,64,42,55,64.8,64.3,63.4,62.9,63.9,65,66.5,62.6,74.7,75.8,59.5,66,71.4,73.3,93.7,64.7,42
"ssp126",2090,63.5,38.1,57.9,65.7,65.9,62.4,65.7,65.4,64.6,66.4,61.1,73.4,75.8,60.1,64.2,70.4,73.7,93.8,64.3,38.1
"ssp126",2091,63.5,38.6,60,62.4,63.5,63.6,65,65.2,65.4,63.8,63.6,73.1,78.4,56.5,67.6,70.9,72.4,94.1,65.7,38.6
"ssp126",2092,63.9,42.5,58.8,64.4,66.7,63.7,65.4,66.6,65.9,70.6,59,74.9,78.7,59.2,68.4,67.8,71.6,93.5,63.9,42.5
"ssp126",2093,64.3,40.9,59.3,62.1,66.3,66.4,65.3,63.5,64.8,66.4,60.4,75.9,75.1,54.7,66.3,67.9,71.2,94.1,62.7,40.9
"ssp126",2094,62.9,36.1,56.3,64.2,66.5,64,64.4,62.8,65.7,69.7,65.1,75.2,75.3,58.5,69,68.8,72.7,94.4,63.6,36.1
"ssp126",2095,63.4,42.6,62.9,65.2,65.3,64,65.2,67.5,66.2,66.6,62.1,74.4,76.5,57.8,68.1,68.3,70.5,93.5,65.1,42.6
"ssp126",2096,63.4,37.8,60.1,66.1,65.2,63.3,66.7,63.5,66.3,68,63.3,72.6,74.8,59.7,67.6,69,71.1,93.8,65.2,37.8
"ssp126",2097,65,39.8,57.8,62.4,64.1,65.6,65.9,64.8,66.6,65.1,62.5,73.3,78.7,60.8,66.4,69.3,69.4,94,62.5,39.8
"ssp126",2098,62,38.6,52.6,63.3,66.8,62.7,64.2,65,66.8,66.1,64.7,74,76.7,59.9,66.4,67.8,71.1,93.1,64.2,38.6
"ssp126",2099,61.8,37.1,56.5,64,65.1,64,62.7,65.5,65.4,70.4,66.3,73,74.1,59.3,67.7,68.9,73.3,94,62.9,37.1
"ssp126",2100,64.7,38.1,57.1,67.9,64.9,63.2,66.5,66,65.6,66.8,69.4,74.2,76.5,58.6,68.1,69.3,70.7,94.1,63.9,38.1
"ssp245",2015,65.3,33.7,62.7,63.3,65.2,61.6,67.2,65.4,64.2,65.3,62,74.3,76.4,58.8,67.5,69.3,70.4,93,66.5,33.7
"ssp245",2016,65.2,40.2,57.6,62.9,64.2,63.1,64.3,62.2,65,68.5,60.5,73.3,77.1,58.6,64.9,69,73.2,92.3,67.4,40.2
"ssp245",2017,63.1,38.1,64.7,64.5,64.8,63.8,65.5,65.6,64.6,65.4,66.2,72.7,76.6,57.9,66.6,68.4,69.4,93,67.1,38.1
"ssp245",2018,64.8,38.2,57.2,68.1,64.9,64.6,65.2,65.2,65.9,65.7,56.3,75.2,76,59.6,66.5,69.3,69.7,92.9,67.3,38.2
"ssp245",2019,64.1,38.5,63.5,65.4,62.8,63.9,65.5,63.2,65.2,68.9,59.2,75.5,77.3,59.8,66,67.9,69,92.7,67.1,38.5
"ssp245",2020,64.2,34.4,59,63.6,64.9,61.4,66.4,64.3,65.9,64.3,66.5,74.5,75.5,59.5,65,69.6,70,93.6,65.2,34.4
"ssp245",2021,63.9,37.3,59.4,66.3,65.6,64.7,65.4,59.8,66.4,66,62.7,73.1,74.4,61.7,68.5,68.3,68.9,93.7,63.3,37.3
"ssp245",2022,63.6,39.3,54,63.7,64.5,64,65.8,61.8,66.2,67.8,62.9,75.1,76.7,58.9,65.3,68.2,69.6,92.9,66.5,39.3
"ssp245",2023,64,44.2,60.3,65.5,67.1,64.3,65.1,62.9,64.6,65.2,67.5,74.3,78.3,59.4,66,69.4,72.1,93.4,65.7,44.2
"ssp245",2024,64.9,43,59,63.7,65.5,64.2,65.7,62.1,65.4,66.5,70.1,73.5,78.7,58.6,67.2,66.9,67.6,92.6,65.3,43
"ssp245",2025,62.9,38.9,57.8,63.1,64.2,65.7,64.3,64.5,65.7,66.5,65.2,75,77.3,61.1,67.6,67.9,71.9,92.9,65.6,38.9
"ssp245",2026,61.4,36.9,55.3,64.5,66.3,62.9,65.9,64.7,64.1,70.3,68.6,74.4,75.4,62.1,67.7,67.9,73.2,93.2,65.3,36.9
"ssp245",2027,60.2,39.3,56.7,65.2,65.6,64.4,66.4,66.2,64.7,61.5,58.5,75.7,78.4,61.8,65.4,68.8,76,93,65.9,39.3
"ssp245",2028,63.6,38.6,53.3,64.1,65.6,63.1,66.6,66.8,64.7,67,62.3,75.3,74.5,58.9,65.7,68.4,71.9,94,63.4,38.6
"ssp245",2029,63.5,37.4,55.6,65.9,63.6,66.5,66.1,63.3,65,69.6,62.2,74.6,77.5,61.2,68,69.5,70.6,93.4,66.1,37.4
"ssp245",2030,65.7,38.7,53.8,66.8,64.8,64.6,66.3,62.9,64.8,70.5,66.3,74.1,76.5,59.9,65.1,68,69.2,92.9,61.9,38.7
"ssp245",2031,63.3,36.9,63.1,62.6,65.4,62.8,65.1,60.3,67.3,64.8,65.8,75.2,73.9,60.1,68.8,69.5,71.6,93.3,66.3,36.9
"ssp245",2032,63.8,33.9,59.6,62.3,65.7,65.8,65.3,64.3,65.9,69.5,65.6,74.4,76,59.1,66.7,69.5,72.5,93.4,66.8,33.9
"ssp245",2033,64.3,36.5,57,67,65.1,62.7,64.6,62.1,63.9,72.4,63.2,73.1,76.4,60.2,65.7,69.3,70.5,93.5,65.4,36.5
"ssp245",2034,65.1,40.2,61.2,65.6,66.4,65.3,66.4,63.7,64.4,68.7,62,75.2,77.6,62.2,67.9,66,69.8,93.1,64.8,40.2
"ssp245",2035,63.6,38.3,55.9,66.8,62.3,64.9,65.7,61.6,66.4,65.8,66.1,74.2,76.6,59.7,68.1,69,69.9,93.2,65.6,38.3
"ssp245",2036,63.6,37.3,59.7,63.7,65.3,63.6,66.5,65.6,66.5,68,57.8,74.3,76.2,59.3,67.4,66.8,71.6,92.3,64.5,37.3
"ssp245",2037,63.2,38,59.8,65.4,64.9,64.7,66.4,63.6,65.6,68.2,56.6,74.8,76.8,62,65.4,68,73,93.6,63.7,38
"ssp245",2038,66.9,37.1,61.4,63.3,65.9,64.6,64.5,62.6,66,66,60,73.3,75.9,62.8,65.6,68.7,71.8,93.5,63.2,37.1
"ssp245",2039,66.2,40.7,54.4,64.9,66.6,63.1,64.6,64.9,65.7,69.9,61.1,74.5,78.5,62.1,66,68.6,72.6,93.6,65.6,40.7
"ssp245",2040,64.1,36.6,60.4,66.7,63,64.6,64.8,61.2,65.8,70.4,62.2,73.2,77.4,60.4,67.1,68.7,72.2,92.9,63.3,36.6
"ssp245",2041,62.3,38.7,61.7,65.2,64,63.2,65.5,62.6,65.9,61.5,62.5,73.1,75.5,57.1,69.4,68.6,70.9,92.4,65.4,38.7
"ssp245",2042,63.6,36.4,57.7,64.8,61.9,63.5,65,61.4,65.9,66,64.5,74.2,76.8,60,66.8,66.5,71.5,93.3,64.9,36.4
"ssp245",2043,61.5,39.8,53.3,65,64.5,64.7,64.7,63.3,66.5,71.9,64.8,72.4,75.8,62.9,66.6,69.4,69.5,93.5,63.6,39.8
"ssp245",2044,61.1,41.3,57.8,65.1,66.5,66.3,65.3,63.4,66.4,61.2,62.7,72.1,78,61.8,65.3,67.6,70.9,93.5,66.2,41.3
"ssp245",2045,60.6,40.3,66.9,61.4,66.7,65.5,62.9,64.4,65.8,57,64.9,74.4,76.6,62.6,64.9,68.1,70.7,93.5,64.8,40.3
"ssp245",2046,63.8,38.6,58.2,66.8,65.4,64.6,65.5,65.4,66.2,60.7,65.1,73.4,75.2,60,64.6,68.6,70.7,93.4,63.1,38.6
"ssp245",2047,64.7,36.2,57,61.2,65.2,65.2,67,62.7,66.3,68.4,65.1,75.1,75.4,59.7,68.7,67.2,74,93.4,64.6,36.2
"ssp245",2048,65.2,36.2,56.7,62.1,64.7,63.6,65.2,63.4,66.2,67.4,60.3,74.3,78.4,61,67.3,68.8,70.5,92.7,64.6,36.2
"ssp245",2049,63.7,34.7,55.1,63.6,65.2,63.4,65.7,64.7,66.1,71.1,64.8,74.7,76.6,58.7,66.3,66.3,71.9,93,63.2,34.7
"ssp245",2050,61.6,39.8,56.4,64,65.5,64.5,65.6,65.8,65.8,67.5,64.2,74.4,75.3,60.8,64.3,67.4,74.3,93.6,62.4,39.8
"ssp245",2051,62.4,41.1,52.5,63.8,64.8,64.4,64.9,63,65.5,64.9,61.4,74.6,75,59.7,67,69.7,74.3,93.1,65.5,41.1
"ssp245",2052,60.8,37.1,61.1,66.6,65.4,63.3,66.1,63.5,65.8,67.6,62.5,73.7,75.3,58.8,68.9,68.6,71.7,93.5,63.7,37.1
"ssp245",2053,63.3,38.6,59.6,63.2,65.9,65.3,67,63.4,66.3,64.6,65.5,75.2,75.7,59.5,65.9,69.5,72,92.5,63.3,38.6
"ssp245",2054,64.7,38.1,56.4,65.5,62,63.2,66,63.1,65.3,65.6,61.1,73.7,76.5,61,66.7,68.3,71.7,93.4,62.8,38.1
"ssp245",2055,66.7,39.8,59.2,65.1,64.1,63.2,66.7,63.8,65.5,60.4,63.1,74,73.7,60.3,68.5,67.9,70.3,92.9,66.1,39.8
"ssp245",2056,65.4,38.6,57.4,61.7,64.7,66.2,65.2,64.6,65,65.2,65.6,75.3,77.1,62.1,66.7,67.4,74.3,93.2,61.5,38.6
"ssp245",2057,63.3,37.1,57.9,65.5,65.9,64.8,65.6,59.6,64.2,67.8,63.7,73.1,74.5,62.5,68.7,69,71.6,93.4,61.4,37.1
"ssp245",2058,63.4,37.4,52,63.6,65,63.4,65.7,63.4,65.5,59,64.9,74.6,75.5,61.7,65,66.7,74.7,93.7,64.5,37.4
"ssp245",2059,63.7,32.5,56.9,65.5,64.1,64.7,66.2,64,64.6,69.2,63.6,75,75.2,61.7,67,68.5,75,93.4,64.2,32.5
"ssp245",2060,62,39.2,57.5,64.1,64.8,65.2,66,62.5,65.9,63.9,66.2,75.7,77.3,60.7,67.9,67.6,69.5,93.1,65.3,39.2
"ssp245",2061,64.1,41.6,60.2,64.5,62,65.5,67.1,62.6,65.3,65.4,62.3,72.7,77.7,60.4,68.5,67.5,71.1,93.2,63.9,41.6
"ssp245",2062,66.6,40,55.9,65.1,64.9,66.4,66.1,63.5,62.7,65,57.2,73.4,76.9,61.8,66.3,67.8,72.3,93.1,64.4,40
"ssp245",2063,65.3,37.3,59.2,66.9,64.5,63.7,67.1,62.3,64.9,67.8,66.1,74.5,74.7,60.9,69.1,66.4,73.7,93.1,64.5,37.3
"ssp245",2064,63.2,40.6,54.4,67,63.6,64.4,64.5,62.6,65.9,67.8,62.4,73.6,74.2,60.3,67.2,69.1,70.2,93.8,64,40.6
"ssp245",2065,63.1,40.9,60.2,63.1,65,64.1,67.1,63.2,65.9,67.1,61.5,73,75.2,60.4,67.1,69.1,73.7,93.3,63.4,40.9
"ssp245",2066,65.7,36,60.9,64.9,65.9,65.9,66.7,64,66.7,61.5,62.8,74.3,77.2,59.7,66.6,69.4,73.4,92.4,63.6,36
"ssp245",2067,62.1,40.6,54.5,60,63.9,64.1,66.6,62.9,64.3,64.6,58.9,74.1,77.2,59.9,65,70,71.8,92.9,63.3,40.6
"ssp245",2068,65.6,39.5,56.7,66.3,64.1,64.8,66.1,65.8,64.3,62.9,56.3,75.4,73.8,60.6,66.1,68,71.9,93.6,65.2,39.5
"ssp245",2069,64.5,36.8,58.2,62.5,66.2,64.2,65.3,65,67.1,62.4,58,73,78.5,60.1,67.8,69.8,72.3,93.5,65.8,36.8
"ssp245",2070,62.7,41.3,55.3,61.4,67.3,65.1,64.5,64.9,65.8,60.6,65.1,73.2,77.1,59.5,67.2,68.3,72.3,93.4,64.5,41.3
"ssp245",2071,64.4,36.7,55.7,66,65.4,65.4,65.7,61.8,66.3,65.3,66,74,75.9,59.8,67.2,70.1,72.7,92.9,64.3,36.7
"ssp245",2072,64.4,36.4,58.5,65.7,64.5,66.8,65.8,63.2,65.1,65.5,60.7,72.6,76.4,57.5,67.3,69.3,71.3,92.8,61.9,36.4
"ssp245",2073,62.7,37.8,62.4,63.2,64.6,64.5,66,63.4,64.6,68.3,66.6,75.6,78.6,60.9,66.6,67.5,74.1,93.2,63.3,37.8
"ssp245",2074,62.1,34,60.4,66,65.6,63.3,66.1,63.5,65.8,61.9,58,74.9,76.9,60.2,66.5,69,72.5,93.9,63.5,34
"ssp245",2075,63.6,38.9,63.4,62.3,64.4,64.8,66.4,62.2,65.4,62.8,64.5,74.2,75.5,61.3,66.7,69.1,70.8,93.2,64.4,38.9
"ssp245",2076,66.5,39.1,57.2,65.9,63.1,62.8,66.2,62.7,64.5,63.9,63.2,73.2,74.6,60.2,67.9,69.4,71.8,94.1,62,39.1
"ssp245",2077,62.3,35.7,55.8,65,65.9,66.3,64.1,62.2,66,59.4,63.3,74,76,60.9,69.2,67.8,71.4,93.5,62.8,35.7
"ssp245",2078,65.5,42,54.7,66.3,67.2,65,65.5,64.4,65.6,65.4,59.2,74.6,76.1,60.9,67.5,69.9,73.8,93.4,63.3,42
"ssp245",2079,64.4,35.5,59.7,64,65.7,64.4,66.5,61.8,65.5,68.2,64.5,74.3,72.9,58.6,67.3,69.3,71.8,92.8,62.5,35.5
"ssp245",2080,62,44.1,55.5,63.3,63.1,65.1,66.7,63.4,65.6,62.2,65.8,74.5,73.7,60.5,68.7,68.5,72.2,93.3,62.5,44.1
"ssp245",2081,63.1,37.8,52.9,62.4,66.3,63.6,64.1,65.5,66.7,64.1,63.8,75.2,78.6,58.8,67,67.9,71.7,93.8,61.1,37.8
"ssp245",2082,64.9,41.4,54.9,64.2,65.8,63.9,66.8,65.5,65.7,64,68,74,78.4,58.8,67.8,68.5,71.4,93.8,62.1,41.4
"ssp245",2083,63.6,40.2,58.8,64.5,65.7,63.1,65.5,64.8,65.4,65.6,62.6,72.4,75.6,60.5,67,70.2,72.7,94,63.3,40.2
"ssp245",2084,64.9,39.3,57.2,63.6,66.9,64.6,66.3,62.6,66.5,64.8,59.7,75.2,77.7,58.2,68.8,69.2,72.1,93.6,64.9,39.3
"ssp245",2085,64.6,35.1,60.5,64.6,65,65.3,66.9,61.2,67,65,64,74,74.6,55.8,67.1,69.1,71.6,93.2,64.4,35.1
"ssp245",2086,61,40.8,57.1,66.2,64.4,63.9,66.4,61.9,65.3,65.5,67.9,73.3,77.3,60.8,66.9,68.2,69.6,93.6,62.1,40.8
"ssp245",2087,63.9,41.2,59.3,64.8,64.8,65.4,66.1,62.1,64.6,62.6,66,74,77.3,58.5,66.9,70.2,71.4,93.4,63.8,41.2
"ssp245",2088,64.8,37.1,58.2,64.5,66.5,65.4,65.7,61.6,64.7,67.7,62,74.7,74.6,60.8,66.8,67.5,74.1,93.3,62.9,37.1
"ssp245",2089,62.8,39,52,62.2,64.7,66,65.1,61.8,65.4,68.2,59.3,72.3,77.3,59.1,66.8,68.6,72.2,94,64.1,39
"ssp245",2090,63.2,37.1,55,66.8,64.3,63.4,66,63.6,65.4,63.2,60.7,74,76,57.6,67.8,69.2,73.7,93.5,60.9,37.1
"ssp245",2091,64,38.2,52.1,66,63.3,64,65.5,62.5,65.1,62.3,56.4,73.9,76.1,59.5,66.2,66.5,74.1,93.8,61.2,38.2
"ssp245",2092,64.7,39.1,54.4,65.2,63.3,65.9,65.1,64,64.2,67,59.5,69.8,78.6,58.3,64.2,67.2,69.8,92.9,62,39.1
"ssp245",2093,62.2,38.5,58.4,63.9,65.3,65,66.1,61.3,66.3,63.8,63.2,75.5,75.7,61.4,68.1,70.1,69.8,93.6,63.3,38.5
"ssp245",2094,60,39.8,56.1,65.3,63.9,65.4,65.3,59.9,66.2,65.7,66.3,74.9,78.3,61.5,67.8,67.8,70,93.3,61.6,39.8
"ssp245",2095,65.9,39,51.4,65.1,64.5,63.2,64.4,63.4,66.1,63.3,57.8,72.8,76.8,58.4,66.2,69,71.6,93.5,62.3,39
"ssp245",2096,63.3,44.4,57.4,65.4,65.8,65.9,67,64.4,66.5,60.7,69.9,72.8,75.6,61.2,67.7,69.8,73.7,93.3,64.9,44.4
"ssp245",2097,60.8,37.8,57.3,62.6,66.5,64.6,64.7,64.9,66.7,67,60.1,73.6,76.3,61.6,67.8,69.6,73.5,93.4,62.1,37.8
"ssp245",2098,61.7,37.3,54.9,64.8,65.3,65.4,65.4,62.1,66.5,66.5,64.3,73.8,75.9,59,66,68.2,74.2,93.4,65.5,37.3
"ssp245",2099,64.4,42.3,57.1,63.5,66.2,65.6,65.1,63,65,63.8,62,71.3,77.4,60.7,65.1,68.4,72.2,93.4,61.6,42.3
"ssp245",2100,61.6,35.8,55.5,65.3,65,65.6,65.5,64.6,66,64.7,65.2,72.2,78.1,59.4,66.7,68.5,72.5,93.5,64.1,35.8
"ssp370",2015,65.5,41.3,60.7,64.7,66,63.9,64.8,60.5,66.5,NA,63.2,72.3,75.9,60.2,66.1,69.7,69.6,NA,66.2,41.3
"ssp370",2016,61.5,37.1,64.2,65.4,64.1,66,65,63.5,64.9,NA,59.6,73.4,75.3,57.7,65.9,70.1,68.9,NA,67,37.1
"ssp370",2017,65.1,36.3,64.5,64.5,66.6,63,64.9,63.4,65.8,NA,59.9,74.2,74,59.1,65.7,68.9,68.9,NA,67,36.3
"ssp370",2018,66.4,40.2,65.5,64.1,66.3,65.2,66.8,66.2,62.3,NA,58,75.1,77.2,60.4,65.7,69.7,65.8,NA,63.9,40.2
"ssp370",2019,60.3,41,62.2,63.7,64.6,64.3,63,64.7,64.8,NA,61.9,75.1,77.4,58.1,65.8,69.9,68.2,NA,66.3,41
"ssp370",2020,64.4,38.4,58,63.4,66.7,64.2,66.9,65.5,64.9,NA,63.5,74.8,74.6,60.5,64.7,69.6,69,NA,64.8,38.4
"ssp370",2021,61,40.4,58.4,62.2,66,64.1,65.6,67.5,64.5,NA,60.2,70.7,76.1,61.2,65,69.3,69.8,NA,67.2,40.4
"ssp370",2022,65.6,42.2,57.2,67.6,66.2,65.5,65.6,66.4,63.5,NA,63.9,75,76.8,61.8,65.1,68.7,68.1,NA,63.8,42.2
"ssp370",2023,64.8,38.5,55.8,61.9,66,64.5,65.6,67.4,62.6,NA,59,74.1,76.4,59.7,64.1,69.6,68.6,NA,64.4,38.5
"ssp370",2024,65.6,41.4,65,64.8,65.3,63.9,66.2,64.1,64.3,NA,60.7,74.5,78.3,61.1,65.2,70,68.8,NA,66.4,41.4
"ssp370",2025,62.5,37.7,58,66,65.6,64.1,65.4,68,65.4,NA,60.4,72.4,76.6,60.4,65.1,70.4,69,NA,67.8,37.7
"ssp370",2026,65.1,42.9,62.1,64.6,65.7,65.2,63.6,64.1,63.3,NA,58.2,73,75.3,58.3,65.8,68.8,68,NA,68.4,42.9
"ssp370",2027,63.8,41.3,58.9,66.1,64.8,62.5,65.7,68.7,63.5,NA,61.1,71.8,75,59.9,66.4,69.9,69.4,NA,65.6,41.3
"ssp370",2028,63.6,38.5,55.9,65.4,66,65.7,65.3,66.9,64.5,NA,58.5,74.3,77.7,60.7,64.3,70.3,68.6,NA,65,38.5
"ssp370",2029,64.8,43.3,64.9,60.6,65.3,63.1,66.9,64.5,64.5,NA,60,74.2,75.9,58.2,65.6,68.5,69.9,NA,66.4,43.3
"ssp370",2030,65.7,36.3,60.3,63.2,65.7,62.9,65.6,64.2,64.5,NA,59.6,73.6,76.4,62.5,64.7,67,68.5,NA,63.3,36.3
"ssp370",2031,62.4,38.6,61.7,63.7,64.6,62.2,64.1,65.7,62.6,NA,59.4,74.1,73.5,59.9,66.7,70.3,68.1,NA,64.4,38.6
"ssp370",2032,64.5,45.2,60.9,63.8,66.5,64.1,66.3,66.7,65.6,NA,64,72.6,76.3,59.9,64.9,69.5,68.3,NA,64.7,45.2
"ssp370",2033,64.4,39.3,64.2,64,65.8,63.9,65.1,64.2,64.4,NA,61.1,74,78.7,59.9,65.4,67.6,69.6,NA,64.6,39.3
"ssp370",2034,63.7,37.5,62.4,63,64.3,64.4,65.9,62.3,65.1,NA,59.6,73.3,75.5,60,63.5,68.6,69.8,NA,65.7,37.5
"ssp370",2035,65.4,33.8,61.6,65.8,65,63.7,67.2,68,64,NA,63.2,73.3,74.8,58.4,65.2,67.9,69.5,NA,63.4,33.8
"ssp370",2036,61.2,38.2,61.5,64.4,64.4,65.4,64.3,64.6,62.1,NA,59.6,74.2,77.3,59.3,65.8,68.8,68.6,NA,64.3,38.2
"ssp370",2037,64.4,39,57.7,63.4,65.7,65.5,65.3,66.8,64.1,NA,61.6,73.3,76.2,59.9,66.1,69.6,70.5,NA,65.2,39
"ssp370",2038,63,42.5,60.2,63.9,63.4,62.9,65.5,64.3,64.8,NA,57.4,74.9,75.4,57.6,65.9,69.2,69.8,NA,65,42.5
"ssp370",2039,64.8,36.8,56.8,65.2,65.3,63.8,65.7,63.6,64.5,NA,58.8,73.2,75.4,59.6,65.6,69.3,69.7,NA,62.3,36.8
"ssp370",2040,63.6,38.2,53,61.7,65,64.5,65.6,65.7,66,NA,59.6,74,77.4,60.2,65.9,69.1,70,NA,64.9,38.2
"ssp370",2041,63.6,39.7,60.9,61.2,65.9,63.3,65.2,64.7,65.9,NA,58.2,74,75.8,59.4,65.1,66.7,70.6,NA,63.2,39.7
"ssp370",2042,65.1,40.7,60.3,62.6,66.5,64.3,66.7,66.1,63.7,NA,61.5,73.7,76.7,60.9,66.4,67.6,70.4,NA,60.4,40.7
"ssp370",2043,62.9,38.3,54.9,65.7,65.3,65.6,66.6,65.3,62.9,NA,58.4,73.6,77.3,57.8,65.6,68.9,69,NA,65.4,38.3
"ssp370",2044,65.1,36.2,63.4,63.8,65.8,64.1,65.5,63,65,NA,59.7,73.1,74.9,61,65.3,68.8,68.5,NA,62.7,36.2
"ssp370",2045,63.9,39.4,61.4,64.5,65.3,64.8,64.9,66.5,64.6,NA,62.9,74.4,74.2,61.5,65.5,67.7,71.9,NA,64.2,39.4
"ssp370",2046,61.7,40.6,57,63.8,64.4,65.6,66.4,61.9,64.8,NA,58.4,73.8,78.7,61.6,64.7,68.8,70.5,NA,63.5,40.6
"ssp370",2047,61.6,39.3,60.7,63.8,66.8,64.8,66.5,65.6,63.4,NA,56.7,75,75.7,58.6,64.4,68.1,68.7,NA,63.6,39.3
"ssp370",2048,63.2,39.7,56.8,64.3,65,64.5,65.2,67.2,64.9,NA,60.8,74.1,77.3,58.6,64.7,68.1,71.2,NA,63.1,39.7
"ssp370",2049,62.3,39.3,57,64.1,66.1,64.6,66.5,65.8,63,NA,56,72.9,73.6,59.3,65.7,68.5,68.5,NA,62,39.3
"ssp370",2050,63.3,37,56,66.1,66.2,65.7,66.8,65.9,64.2,NA,60.9,72.8,78,61,66,69.2,69.8,NA,62.2,37
"ssp370",2051,60.8,38,56.8,64,66.3,65.4,67.4,64.3,65,NA,59.5,74.8,76.6,60.8,67.5,68.6,70.1,NA,62.4,38
"ssp370",2052,65.4,33.5,56.6,62.4,62.1,63.8,67.1,66.7,65,NA,56.8,72.3,74.5,59.6,65.9,68.2,70.2,NA,63.8,33.5
"ssp370",2053,61.5,36.3,54.5,62.8,64.4,65.3,66.8,67.2,63.3,NA,56.6,73.3,75,59.2,66.1,69.5,68.5,NA,61.6,36.3
"ssp370",2054,64.6,38.2,52.8,61.6,64,65.1,67.2,63.9,65.3,NA,59,73.1,74.8,61.6,65.6,69.4,70.6,NA,61.3,38.2
"ssp370",2055,63.9,36.4,56.5,64.2,64.4,63.3,66,67.1,65.2,NA,60.4,71,77,61.3,64.7,69,70.6,NA,62,36.4
"ssp370",2056,62.3,43.1,55.9,66.2,66,66.2,65.5,66.4,65.9,NA,63.8,71.7,75.1,58.2,65.6,68.3,71.3,NA,61.3,43.1
"ssp370",2057,65.6,38.1,57,60.3,64.3,64.9,66.8,68.9,66.3,NA,57.5,72.4,76.1,59.7,65.9,68.8,68.8,NA,63.8,38.1
"ssp370",2058,62.6,37.4,59,61.4,63.8,65.1,65.4,66.1,65.2,NA,61.9,71.9,76.3,59.1,64.1,69.9,70.3,NA,62.8,37.4
"ssp370",2059,62.4,38.3,55.8,66.6,65,65.1,65.4,66,63.5,NA,57.7,74.1,78.3,59.7,65.6,68.8,70.3,NA,62.3,38.3
"ssp370",2060,61.9,38.2,58,61.7,66.7,66.8,66.3,67,65.2,NA,55.1,73,75.2,58.4,65.4,70.3,70.8,NA,61.3,38.2
"ssp370",2061,64.6,38.7,58.2,63.3,63.4,64.8,66.1,65.5,64.3,NA,58.4,72,75.6,63.2,64.9,68.8,69.7,NA,64.6,38.7
"ssp370",2062,65.3,41.6,55.9,64.8,66,63.8,66.3,66.5,63.3,NA,61.6,73.6,73.9,60.1,65.8,69.9,70.7,NA,60.6,41.6
"ssp370",2063,64.7,43.1,60.4,64.4,65.8,63.4,66.5,66.2,63.5,NA,60.5,74.1,76.9,61.2,65.9,68.1,68.5,NA,63.5,43.1
"ssp370",2064,63.5,40.2,57.8,65.7,65.3,65.3,67,66,64.9,NA,60.6,71.6,76.1,60.4,63.8,68.3,70.6,NA,61.8,40.2
"ssp370",2065,64.4,41.7,55.9,65.4,65.4,63.7,66.7,67.2,64,NA,62,72.6,72.9,61.3,65.2,70.2,71.3,NA,62.3,41.7
"ssp370",2066,63.6,39.3,56.3,65.4,65.2,64.1,65.1,66.5,64.4,NA,59.8,72,75.5,61.5,64.9,69.4,72.3,NA,62.2,39.3
"ssp370",2067,62.2,35.6,58.7,65.3,65.9,64.2,64.3,60.4,64.3,NA,58,73.5,76.7,58.4,65.8,68.9,70.1,NA,61.8,35.6
"ssp370",2068,63.2,36.5,55.1,62.8,65.6,65.1,65.1,66.3,64,NA,59.2,73.1,77.2,61.9,65.4,67.3,68.6,NA,62.7,36.5
"ssp370",2069,62.4,39.9,57.4,62.1,64.1,63.8,64.2,66,63.7,NA,61,73.5,75.9,61.4,65.4,68.6,69.9,NA,60.8,39.9
"ssp370",2070,62.7,39.6,59.3,65.1,65.2,63.9,66.5,65.2,63.7,NA,59.1,72.4,74.8,58.4,66.5,68,70.8,NA,61,39.6
"ssp370",2071,62.1,36.9,60.1,64.7,66.3,64.9,66.6,63.8,64.3,NA,56.7,72.7,77.7,59.7,65.9,68.2,71.2,NA,61.4,36.9
"ssp370",2072,64.7,39,67.2,60.8,65.9,65,66.1,64.9,63.8,NA,56,74,76.2,58.8,64.5,68.8,69.7,NA,60.8,39
"ssp370",2073,62.9,42.3,54.8,66.8,66.4,62.8,66.3,65.9,63,NA,63.1,74.6,74.3,60,66.7,68.6,69.6,NA,61.7,42.3
"ssp370",2074,64.4,36.3,58,65.2,67.1,65.1,67.2,68.5,64.7,NA,58.9,72.9,74.1,58.1,66.7,68.8,69.2,NA,59.8,36.3
"ssp370",2075,63.2,41.5,52.4,63.6,67.3,63,65.6,66.6,64.4,NA,59.8,73.3,73.5,58.6,66.1,69.6,68.7,NA,59.2,41.5
"ssp370",2076,63,37.4,50,63.6,65.2,63.8,65.6,67.1,63.3,NA,59.8,72.7,76.4,59.8,67.2,69.4,69.1,NA,58.7,37.4
"ssp370",2077,61.5,36.6,54,64.4,66.1,63.6,67.6,64.2,63.2,NA,56.4,71.8,75.9,58.8,66.1,68.5,72.3,NA,61,36.6
"ssp370",2078,62.9,41.3,52.3,62.5,65.4,64.9,65.4,64.8,64.4,NA,62.5,71.8,74,60.9,66.5,69.7,71.3,NA,58,41.3
"ssp370",2079,61.7,41.5,58.9,64.7,65.4,63.8,66.2,64.4,63.3,NA,60.9,71.4,73.1,60.1,66.8,70.8,70.7,NA,61.1,41.5
"ssp370",2080,63.6,38.9,59.2,61.4,65.7,64.2,65.3,63.5,63.9,NA,58.6,73.4,73.1,60.2,66.4,69.9,70.3,NA,59.6,38.9
"ssp370",2081,64.4,39.8,56.5,66.4,67.5,63.9,66.6,64.6,64.8,NA,59.1,73.2,72.6,60.1,67.3,69.6,72.9,NA,59.5,39.8
"ssp370",2082,63.8,42.3,60,63.4,64.9,64.5,67.4,67.7,62.4,NA,59.2,72.6,75.5,59.8,65.7,67,70.3,NA,59.1,42.3
"ssp370",2083,64.3,38.6,55.5,65.1,65.1,65.9,67.8,63,62.8,NA,59.6,73.7,74.4,61.9,65.6,69.8,70.5,NA,61.1,38.6
"ssp370",2084,62.7,39.3,55.6,66.9,65.2,61.7,65.6,63.3,62.9,NA,61.8,72.5,74,59.3,66.5,67.9,70.8,NA,60.6,39.3
"ssp370",2085,64.1,37.3,54.6,66.3,64.2,64.9,67.1,66.2,62.2,NA,59.8,72.7,74.3,57.1,65.9,69.2,70.7,NA,60.6,37.3
"ssp370",2086,63.1,37.4,50.2,64.2,63.6,63.6,65.6,64.3,64.7,NA,57.6,73,76,60.8,65.9,70.5,71.1,NA,59.7,37.4
"ssp370",2087,64.5,37.9,55.5,64.4,65.1,64.8,68.5,66.1,63.3,NA,60.7,73.2,74.6,60.7,65.3,68.9,70.8,NA,59.8,37.9
"ssp370",2088,61.3,40.6,56.2,62.6,66.9,63.9,66.5,67,61.9,NA,57.8,72.2,72.2,59.1,67.5,70,69.3,NA,59.2,40.6
"ssp370",2089,62,38.3,56.7,60.3,66,60.9,65.4,61.2,64,NA,61.4,73.2,73.1,59.2,66.1,69.5,71.8,NA,58.5,38.3
"ssp370",2090,64.7,43.8,55.9,64.1,67.2,62.8,64.6,65.2,63.9,NA,57.1,71.7,73.9,59.9,66.7,69.3,70.9,NA,59.1,43.8
"ssp370",2091,63.7,37,59.3,63,65,63.6,66.5,65.2,63.6,NA,60.6,73,73.3,59.5,65.5,69.6,71,NA,59.3,37
"ssp370",2092,61.4,42.1,52.5,61.6,65.7,63,67.9,65.9,64.7,NA,58.5,73.7,75.6,63,65.2,69.8,71.1,NA,57.3,42.1
"ssp370",2093,63,38.8,58.1,63,64.8,65.1,66.8,64.8,63.3,NA,57.3,73,73.6,59.4,66,68.1,72.6,NA,57.4,38.8
"ssp370",2094,62.2,43.2,57.8,63.2,66.6,65.3,66,65.7,65.9,NA,58.6,73.1,73.4,58.3,66.1,69.6,71.1,NA,59.9,43.2
"ssp370",2095,63.9,38.1,54.1,62.5,67,63.1,65.9,64.8,62.2,NA,60.6,72.4,72,61,67.3,68.5,70.4,NA,60.4,38.1
"ssp370",2096,63.7,34.5,56.1,64.8,67.1,62.9,67.5,67.6,62.5,NA,58,72.9,70.1,61.4,66.2,69.2,70.4,NA,57.9,34.5
"ssp370",2097,63,40.1,58.5,63.4,66,63.3,64.4,68.2,63.7,NA,61.1,72.7,73.6,60,66.4,68.5,71.2,NA,55.8,40.1
"ssp370",2098,61.7,41.6,49.8,64.1,64.2,63.3,67.1,64.3,62.9,NA,60.8,71.5,72.6,60.2,66.1,70.3,71.7,NA,57.1,41.6
"ssp370",2099,61.8,44.4,57.5,62.8,64.8,63.1,67.1,67.5,64.4,NA,55.4,69.1,72.1,58.7,67.1,68.1,70.8,NA,56.9,44.4
"ssp370",2100,65.2,39.2,59.2,60.7,67.1,65.6,68.6,65.4,63.4,NA,62.1,71.6,71.7,59.2,66.4,70,70.6,NA,58.2,39.2
"ssp585",2015,63.2,38.5,57.4,64.9,65.4,62.9,67.6,63.3,65.6,67.1,62.2,74.1,74.6,58.1,70.2,70.3,70.7,92.6,66.4,38.5
"ssp585",2016,64.3,38.3,57.1,64.2,65.5,63.4,65.2,65.9,63.8,63,62.6,75.9,76.1,59.5,68.7,70.7,71.2,92.9,64.1,38.3
"ssp585",2017,63,36.9,57.1,64.9,65.8,64.6,66.8,67.3,66.1,62.8,64.9,75,76.1,60.1,71.4,69.6,71.7,93.5,65.9,36.9
"ssp585",2018,65,42.3,54.6,66.8,64.9,64.9,64.1,64.7,64.1,67.3,67.5,75.8,73.1,58,70.8,70.2,71.3,93.3,65.3,42.3
"ssp585",2019,62.3,34.7,53.3,66.4,65.3,64.7,65.8,64.8,64.6,63.4,67.2,73.9,75.8,59,66,73.5,70.4,93.3,65.3,34.7
"ssp585",2020,65.9,38.7,56.9,66.8,65.9,64.1,66,63.8,64.9,65.9,63.3,73.4,75.7,56.3,68.2,70.5,68.4,93.7,68.3,38.7
"ssp585",2021,64,36.1,56.3,64.2,65.2,62.4,67,66.5,65.7,66.9,61.6,71.3,76.3,59.4,68.8,70.2,69.7,93,66.8,36.1
"ssp585",2022,64,38.6,57.3,68.3,64.9,64.1,67,66.3,65,63.6,63.5,74.3,74.3,59.6,69.7,73.6,72.4,93.1,66.5,38.6
"ssp585",2023,64.5,35.9,57.5,66.3,67.6,64.1,63.3,65.8,65.8,64.9,63.3,73.7,77.6,60.4,66.9,69.1,69.2,93,64.7,35.9
"ssp585",2024,62.4,40.8,61.4,64.9,65.4,64.2,64.9,64.7,65.6,67.2,65.2,71.9,77.6,59.1,65.1,73.5,71.9,92.8,66.5,40.8
"ssp585",2025,61.8,39.2,62.7,62.5,64.6,64.8,66.6,64.8,64,60.5,65.4,75.1,75.2,59.4,69.2,70.1,71.8,93,65.3,39.2
"ssp585",2026,64.2,37,56.4,64.1,64,64.6,66.4,64.6,65,64.2,61.9,75.1,75.4,60.1,67.3,71.4,69.9,93.3,63.7,37
"ssp585",2027,61.9,40.2,55.6,63.5,64.7,64.2,66.6,64.5,66.3,62.5,61.4,74.1,76.3,59.6,67.5,71.1,68.6,93,64.5,40.2
"ssp585",2028,62.1,37.9,56.4,63.4,65.1,63.9,65.7,66.1,64.9,61.6,65.5,75.1,77.3,58.6,70.2,69.9,73.4,93.2,67.3,37.9
"ssp585",2029,64.5,37.6,59.8,62.2,65.1,63.9,65.8,66.8,65.7,65.1,63.2,73.6,75.3,60.3,70.1,69.1,72,92.9,65.2,37.6
"ssp585",2030,64,42.1,55.8,62.5,63.9,64.1,63.7,65.6,64.1,64.8,60.3,74.7,75.7,59.1,67.6,70.3,69.9,92.3,67.4,42.1
"ssp585",2031,63.7,40.1,59.8,63.8,65,65,65.2,63,67.3,62.8,61.8,74.8,80.3,60.4,69.8,69.8,71.9,93,65.1,40.1
"ssp585",2032,59.8,35.2,57.6,62.5,63.9,63.1,65,67.8,64.2,64.3,58.7,74,77.5,60.3,67.8,73.2,72.3,92.7,66.5,35.2
"ssp585",2033,64,40.3,54.3,64.9,66.6,64.3,67.8,64,64.4,64.3,60.8,74.8,78,60.5,70.8,66.1,70.2,92.6,65.2,40.3
"ssp585",2034,64.1,43.3,62.3,63.3,65.9,65.5,64.9,66.4,65.1,64.4,58.7,74.8,75.1,59.2,66.2,69,70.6,93.7,65.7,43.3
"ssp585",2035,59.3,38.8,61,64.1,62.8,65,64.6,64.6,65.3,63.9,63.8,74.1,77.5,57.9,67.7,69.8,68.7,92.9,65.4,38.8
"ssp585",2036,62.7,43.1,61.8,63.2,64.9,63.4,66.2,67.1,66.6,65.2,64.9,74.1,76.6,57.9,67,70.3,73.1,93,66.2,43.1
"ssp585",2037,63.1,36.8,58.6,65.3,66.1,66,65.7,63.8,65.6,65.4,63.8,75.6,76.3,58.4,67.6,69.7,73.4,92.9,66.3,36.8
"ssp585",2038,61.9,38.9,53.7,61.2,64.6,64.4,66.2,66.3,64.6,64.6,66.2,74.5,77.2,59.5,66.9,69.9,73.5,93.9,65.4,38.9
"ssp585",2039,62.9,40.6,54.3,68.1,65.1,65,65.6,65.4,66.1,62.1,64.7,73.8,77.4,59.7,68.4,73.1,72,94.2,65,40.6
"ssp585",2040,62.1,41.5,55.6,62.2,65.5,64.3,66.3,67.2,65.3,64.8,66.5,72.9,76.3,58.8,68.2,72.5,71.9,93.4,64.5,41.5
"ssp585",2041,62,39.9,59.4,65.3,64.4,63.9,66.8,67.7,66.5,60.4,62.5,75.2,77,58.3,68.2,72.2,72.2,93.1,65.5,39.9
"ssp585",2042,66.2,40.4,64.6,59.2,63.2,63.6,65.3,62.1,66,62.7,59.6,75.6,75.3,59.8,68.2,71.4,72.8,92.8,64.6,40.4
"ssp585",2043,65.3,34.3,58.9,64.8,64.9,63.8,64.4,64.1,64.4,61.8,61.6,74.3,77.2,60.8,68.2,68.7,73.6,93.4,65.7,34.3
"ssp585",2044,63.2,42.8,57.4,60.6,64.4,62.5,65,64.1,65.4,61.7,64.5,74.7,77.6,59,66,72.4,69.6,92.8,64.2,42.8
"ssp585",2045,63.2,34.9,54.2,62.4,65,64.7,64.6,63.9,66.6,60.6,60.3,75.2,77.5,58.5,67.6,68.5,69.9,93.9,62.5,34.9
"ssp585",2046,63.7,34.7,62.6,65.3,64.7,63.9,66.3,66,64.9,65.3,62.3,73.7,77.7,59.3,69.3,72.2,69.8,93.6,62.5,34.7
"ssp585",2047,64.8,38.9,57.1,66,66.5,64.6,67.9,62.8,66.3,63.3,60.3,75.2,75.1,58.7,69.7,70.3,72.8,93.8,62.8,38.9
"ssp585",2048,64.2,36.6,58.5,65.7,66.2,64.9,65,63.1,65,58.6,66.7,74.7,76.7,59.1,68.4,70.3,70,93.4,63.8,36.6
"ssp585",2049,63.5,37.8,56.4,60.9,65.3,65.4,65.6,61.9,66,61.3,65.1,72.4,76.8,59.3,70.2,70.9,71.1,93.6,64,37.8
"ssp585",2050,63.1,39,59.7,66.5,65.7,65.1,66.9,65.6,65.2,64.2,62.5,74.1,76.9,57.8,66,73.6,70.6,92.8,61.8,39
"ssp585",2051,63.9,41.9,55.1,66.1,65.6,64.8,65.6,63.3,64.9,61.7,57,76,74.3,59.8,66.5,71.6,71.4,92.6,62.9,41.9
"ssp585",2052,65.5,37.2,61.5,65.4,65.2,64.9,65,64,65.9,60.7,65.4,72.8,75.1,59.2,69,70.6,71.1,93.3,63,37.2
"ssp585",2053,65,39.6,55,64,65.6,63.7,64.7,64,65.3,60.8,63,75.2,74.9,58.6,70.6,71,71.2,93.5,61.6,39.6
"ssp585",2054,63,41.3,51.2,64.4,64.7,66.4,65.9,65.4,66.2,57.9,64.4,73.3,76,58.1,67.9,71.5,70.7,93.1,61.6,41.3
"ssp585",2055,63.7,38.9,54.7,64.7,64.8,64.9,65.1,63.6,64.8,63.5,62.2,73.8,75.4,61.1,68,70.6,70.3,92.8,60.5,38.9
"ssp585",2056,64.7,38.9,56.7,63.2,63.7,66,63.6,63.5,64.9,64.5,62,73.6,76.5,58.7,67.7,69.1,72.2,93.3,63.2,38.9
"ssp585",2057,63.8,38.2,52.3,58.7,66.1,64.1,64.1,63.9,65.8,59.2,60.6,73.4,75.8,59.2,70.2,71.2,71.6,93.8,63.7,38.2
"ssp585",2058,64.4,40.4,55.9,65.6,65.5,65.5,65.9,65.3,64.8,63.1,56.4,72.7,75.8,57.4,67.6,69.9,73.1,93,61.9,40.4
"ssp585",2059,63.3,38,59.1,65.7,64.8,65.1,65.3,60.8,67,59.9,62.6,74.4,75.9,57.6,67.5,72.4,71.6,93.5,61.7,38
"ssp585",2060,63,39.4,56.9,62.9,66.4,66.2,65.6,64,65.9,58.9,60.5,73.9,75.2,58.7,69,69.9,72.1,93.9,62.9,39.4
"ssp585",2061,63.5,39.1,52.1,62.4,66.1,63.7,64.7,64.3,65.6,59.7,63,74.9,75.7,58,67.9,72.6,72.4,93.5,62.8,39.1
"ssp585",2062,63.2,33.8,53.7,65,63.9,64.2,65.5,65,66.3,62.9,65.1,71.2,76.9,59.5,70.8,67.8,71.8,93.1,61.6,33.8
"ssp585",2063,64.4,37.5,54.1,63.9,64.8,65.3,66.8,59.2,64.6,60.8,60.2,73.7,75.3,59.4,66.2,70.8,70.8,93.2,62.5,37.5
"ssp585",2064,62.7,37.7,52.5,62.6,66.9,64.9,65.3,65.3,66.7,60.8,64.9,75.5,75.5,58,68.2,69.5,71.8,93.2,62,37.7
"ssp585",2065,63.9,37.1,55.6,63.8,65.5,64.7,67.4,63.9,65.5,60.3,63.4,74.6,76.2,57.7,66.2,71.5,73.2,93.7,61.7,37.1
"ssp585",2066,64,40.1,54.9,61.8,66.1,66.4,64.6,63.3,66.6,58.9,60.8,72.9,75.6,59,66.6,67.6,70.1,92.9,63.5,40.1
"ssp585",2067,62.6,41.9,51.9,65.6,66.8,64,67.2,65.4,66.4,60.4,65,73.9,75.1,58.6,69.8,71.6,72.6,93.4,61.6,41.9
"ssp585",2068,61.7,35.1,55.3,62.4,64.9,64.2,66.1,64.5,65,58.2,62,73.7,77.9,59.7,68.1,70.5,69.8,93.3,64,35.1
"ssp585",2069,64.8,42,52.9,65.2,65,65.5,66.4,66.9,67.5,61.3,62.8,73.3,77.7,58.8,68.6,69,71.1,93.4,62.9,42
"ssp585",2070,64.5,36.1,57.4,64.5,64.2,63.4,65.5,63.9,65.3,60.8,61.5,73.8,76.6,59.4,69.1,70.7,72.9,93.6,62,36.1
"ssp585",2071,63.1,39.3,55.4,64,66.6,64.9,64.4,64.5,67.5,60.4,65,73.6,76.2,58.4,68,69.3,72,93.8,61.7,39.3
"ssp585",2072,61.9,44,53.8,62,66.3,66.6,66.1,63.5,66.5,59.8,59.3,74.8,74.7,57.8,67.4,68.5,72.5,93.4,60.7,44
"ssp585",2073,61.7,35.3,53.4,60,66.3,63.2,65.5,64.4,65,61.1,62.9,72.7,75.5,59.7,68.2,67.3,72.2,93.1,60.6,35.3
"ssp585",2074,61.2,37.6,50.8,63.7,64.5,65.4,65.8,63.9,66.4,62.2,63.2,74,75.9,57.9,68.8,68.4,73,93.9,61.2,37.6
"ssp585",2075,63.6,42.6,58.1,62.2,65.9,65.2,66.8,65,66.5,63.6,66.5,74.1,77.2,58,70.1,70.6,73.3,93.6,61.1,42.6
"ssp585",2076,62.4,41,58.2,62.6,66.1,65.3,67.2,60.4,68.5,55.9,58.6,72.4,76.5,59.3,67.9,71.5,72.1,92.7,61.4,41
"ssp585",2077,63.5,39.1,50.9,63.9,65.3,64.4,67,61.8,65.3,60.6,59.1,72.5,73.7,57.6,67.1,70.1,72.8,93.3,62,39.1
"ssp585",2078,63.2,37,54.7,64.3,65.2,65.8,66.5,60.8,65.6,63.5,68,73.4,76.6,58.5,66.7,68.9,72.6,92.6,61.1,37
"ssp585",2079,60.4,39.1,55.3,65.5,64.8,64.5,66.5,63.5,66.5,62,58.7,73,76,57.7,66.6,71.8,71.9,93.8,61.2,39.1
"ssp585",2080,62.3,37.4,55,65.7,65.9,66.9,66.8,63.8,66.9,60.7,61.5,74.5,75.1,59.3,70.4,69.8,72.2,93.2,59.5,37.4
"ssp585",2081,60.4,38.8,52,65.1,66,64.6,66.7,62.3,67.1,58.4,64.5,70.8,77.1,59.5,66.9,70.3,71.2,93.6,62.4,38.8
"ssp585",2082,64.7,40.5,59,65.4,65.2,64.3,66.1,63.9,66.4,58.7,59.4,72.4,77.2,57.8,65.4,70.5,72.6,93.7,61.4,40.5
"ssp585",2083,60.5,41.7,56.7,61.2,66.3,64.3,65.8,61.8,66,60.3,62.3,71.7,76.5,60.8,69.9,70.9,70.6,94,61.5,41.7
"ssp585",2084,64.5,42.5,53.3,62.4,65.1,66.1,64,64.4,66.9,55.8,63.4,73.4,78,59,67.4,70.6,71.1,93.2,60.4,42.5
"ssp585",2085,63.2,38.2,50.9,63.2,65.6,66.6,64.8,65.1,64.9,58.1,62.1,71.7,74.2,58.7,68.6,70.8,70.9,93.6,60.2,38.2
"ssp585",2086,62.6,34,55.8,64,66.1,64.9,65.2,63.8,66.9,56,64.1,73.2,77.5,58,70,70.3,71.7,93.2,58.8,34
"ssp585",2087,63.5,38.9,61.8,63.8,66,63.4,65.6,63,66.6,59.3,61.4,74.2,75.7,59.2,69.8,70.2,73.4,93.4,61.8,38.9
"ssp585",2088,61.4,40.4,55.3,60.7,65.7,65.9,66.6,64.6,64.7,57.9,64.1,73.8,75.6,58.4,69.4,69.9,70.7,93.5,62.5,40.4
"ssp585",2089,63.5,41.5,55.8,63.3,67,66.7,65.8,62.3,67.9,55.8,61.9,73.8,74,58,67.9,70,70.4,93.5,62.8,41.5
"ssp585",2090,58.3,42,50.4,63.1,67.4,66.3,66.9,64.2,66,60.2,58.6,74.3,76.8,58.3,68,70.1,73.1,93.7,61.1,42
"ssp585",2091,61.7,42.3,53,61.9,64.3,64.6,65.7,65,66.4,60.5,61.2,73.6,73.7,58.5,68.6,71.4,73.9,93.9,60.3,42.3
"ssp585",2092,62.8,38,55.5,65.7,67,66.1,65.3,61.9,66.6,58.1,60.8,71,77.3,57.9,67.4,70.6,71.3,94,60.3,38
"ssp585",2093,64.3,37.9,51.8,65.8,66,66.4,66.5,60.6,66.4,61.1,66.5,71.2,75,56.4,69.1,70.6,71.2,93.8,60.5,37.9
"ssp585",2094,62.9,41.6,52.2,66.2,66.3,64.6,65.6,60.4,64.9,55.3,60.6,71.9,74,57.4,68,68.9,71.2,93.6,59.1,41.6
"ssp585",2095,62.8,41.6,57.8,64.7,65.8,63.4,64.1,57.8,64.6,59.1,64.6,73,73.6,57.5,66.7,69.4,71,93.9,61.3,41.6
"ssp585",2096,65.2,42.9,58.1,62.2,63.1,64.9,66.9,63.3,65.7,58.7,57.1,72.2,73.8,58.2,67.8,71.4,73,93.8,61.8,42.9
"ssp585",2097,63.7,42.3,53.1,65.1,63.7,65,67.7,59.9,67.3,62.6,58.1,72.2,76.8,59.8,66.5,69.8,71.3,93.7,60.9,42.3
"ssp585",2098,65.5,34.8,54.4,59.4,63.9,66.7,66.4,61.8,66,58.6,67.1,71.8,75.5,58.2,68.6,71,72.7,93.4,60.4,34.8
"ssp585",2099,62,39.3,51.6,64.2,66.6,66.6,67.3,61.8,67.3,56.9,60.9,72.2,74.7,59.2,66.8,72.2,70.6,93.4,60.9,39.3
"ssp585",2100,63.3,38.9,51.3,62.2,65.2,64.8,66.2,60.2,66.1,56.5,59.6,71,76.6,57,67.4,70.5,72.9,93.6,60.1,38.9
