"scenario","Year","ACCESS.ESM1.5","AWI.CM.1.1.MR","BCC.CSM2.MR","CanESM5","CNRM.CM6.1","CNRM.ESM2.1","GFDL.ESM4","GISS.E2.1.G","HadGEM3.GC31.LL","INM.CM5.0","IPSL.CM6A.LR","MIROC.ES2L","MIROC6","MPI.ESM1.2.HR","MPI.ESM1.2.LR","MRI.ESM2.0","NESM3","UKESM1.0.LL","ensemble"
"historical",1850,35.8,32.2,34.4,30,22.5,27.6,55,29.7,45.9,40.5,43.7,70.1,42.8,42,37.1,49.7,33.2,36.6,39.4
"historical",1851,31.9,45.4,28.8,26.1,24.8,28.9,48.2,25.9,29.9,35.1,44.3,78.3,39.2,29.7,32.5,40.2,25.3,26.6,35.6
"historical",1852,34.7,56.1,34.5,25.2,23.8,20,40,28.1,31.6,38.1,43.8,75.3,42.4,34.3,37.8,30.9,36.2,24.8,36.5
"historical",1853,33.5,38.6,39.2,31.6,22.8,24.8,46.9,35.5,42,42,38,47.4,49.2,29.7,31.6,55,29.7,34.3,37.3
"historical",1854,35,32.3,41.3,29.4,29.8,25.5,46.5,25.5,35,37.7,42.3,92.9,47.9,32.2,33.5,43.4,37.5,19.7,38.2
"historical",1855,28.5,55,44.4,29.8,21.8,28.6,46.1,27.5,30.6,40.8,35.6,61.8,44.9,34.9,37.3,39.2,31.5,32.5,37.3
"historical",1856,24.3,30.4,23.7,26.1,18.8,27.6,44.6,26.8,31.9,35.5,43.5,54.1,43.3,27.6,34.8,42.2,30.1,25.9,32.8
"historical",1857,35.3,49.3,33.6,33.2,27.1,29.9,63.5,31.8,42.8,37.8,44.9,73,33.2,30.1,36.1,54.2,32.7,29.1,39.9
"historical",1858,39.7,44.7,43,29.7,17.6,25.7,40.6,33.2,29.9,41.1,38.8,63.4,27,27.6,35.4,50.2,41.6,31.7,36.7
"historical",1859,38.7,50.9,38.5,23.2,17.8,24.7,45,29.3,46.5,40.1,46.2,70.9,36.8,32.3,37.3,44,34.1,34.4,38.4
"historical",1860,37.9,54,27.9,30.2,16.7,28.6,35.5,23.9,32.5,45.1,49.8,66.1,41.6,29.1,39.9,52.5,33.9,26,37.3
"historical",1861,30.5,34.1,30,30.9,27,24.5,42.3,25.5,27.2,33.1,48.1,63.5,41.3,33,32,42.4,35.7,32,35.2
"historical",1862,22.7,44.6,43.4,27.6,21.4,22,33,30.4,35.5,36.6,51.4,90.5,45.2,37.6,37.1,48.9,34,27.3,38.3
"historical",1863,27.2,35.6,43.8,34.5,22.6,29.4,32.1,28.5,33.8,39.3,39.3,65.7,39.7,29.7,29.7,47.9,36.9,30.5,35.9
"historical",1864,34.7,45.2,48.8,29.8,24.7,25.4,37,25.4,34.9,36.6,48.2,86.7,42.2,28.4,34.9,46.2,27.3,37.5,38.5
"historical",1865,27.8,35.8,52.4,30.4,26.7,26.5,61.9,30,49.2,40.1,48.8,57.8,37.9,28.8,34.8,43.4,35,36.4,39.1
"historical",1866,39.4,33.7,33.8,30.7,20.9,25,43.5,25.3,44.4,43.8,45.4,70,42.9,33,31.7,57.3,33.5,27.4,37.9
"historical",1867,30.3,50.6,31.4,30.3,22.6,26.6,34.9,26,39,38.2,38.2,56.1,38.1,31.1,32.1,53.6,41.2,27.9,36
"historical",1868,39.1,48.1,46.3,32.2,27.3,24.5,40.3,34.4,35.5,38.9,44.2,75.8,40.2,36.1,35.4,41.8,32.9,33,39.2
"historical",1869,33.9,46.4,34.9,28.3,20.3,23.8,57,29.5,35.6,30.2,42.6,52.5,43.8,31.4,28.6,43.7,32.4,41.4,36.5
"historical",1870,30.6,40.9,35.1,33.4,26.2,23.3,31.9,31.1,34.4,44.7,42.9,60.8,48.2,40.3,32.1,45.1,26.3,24.4,36.2
"historical",1871,34.6,40.8,37.9,35.2,25,27.7,36,25.3,38.7,45.8,53.9,59.3,36.7,30.1,37.1,42.6,33.3,38.5,37.7
"historical",1872,27.6,42.8,50.4,28.7,23.9,24.9,45.9,34.9,35.1,37.9,42.7,55.3,44.9,31.1,39.1,44.3,37.3,30.7,37.6
"historical",1873,33.8,25.9,51.9,29.1,19.2,23.1,55.4,26,30.2,35.3,46.1,57.8,46.4,38,30.2,43,38.5,23.8,36.3
"historical",1874,38.3,51.4,45.2,28.2,21.8,18,37.4,28.2,31.7,30.5,38.2,76.5,35.2,36.3,35.5,52.9,41.3,24.9,37.3
"historical",1875,32.4,45.8,30.5,37.5,22,21,54.6,27,40.9,40.8,51.4,75.8,40.4,33.7,32.9,44,32,35.7,38.8
"historical",1876,39.5,40.3,42.3,31.7,23.2,24.1,41.7,26.9,33.9,47.9,46.7,56.7,43.5,32.3,38.8,38.8,39.4,31.4,37.7
"historical",1877,29.8,33.7,28.1,32.5,23.6,33.3,52.2,29.9,43.8,39,41.4,70.8,36.7,40.7,30.2,47.9,38.3,28.2,37.8
"historical",1878,29.4,24.4,27.8,38.5,23.5,27.2,49.8,29.4,32.1,43.2,49.3,65,33,35.3,37.1,55.9,36.6,21.8,36.6
"historical",1879,29.7,45.1,27.1,31.2,28,20.5,36.4,28.3,26.9,34.4,48.1,57.4,39.9,28.5,30.6,30.2,46.7,30.5,34.4
"historical",1880,42.4,44.9,26.3,35.7,26.4,27.9,37.5,26.7,37.5,40.4,43.2,48.6,37.7,32.4,36.8,35.7,29.5,25.7,35.3
"historical",1881,30.5,35.1,32.6,37.6,20.1,26.5,45.6,23.3,36.4,44.1,53.5,73.7,38.8,25.2,26.7,35.8,35.1,36.1,36.5
"historical",1882,34.9,38.7,41.4,32.3,18,25.8,38.5,28.8,25.1,38.1,39.2,52.7,44.3,40.3,38.9,29.3,27.9,38.2,35.1
"historical",1883,25.9,28.8,33.2,25.9,27.2,27.5,35.4,26.6,48.9,40,55.1,74.5,39.7,34.2,35.1,61.8,44.2,33.4,38.7
"historical",1884,25,49.7,46.4,26.4,14.7,24.9,46.1,32.4,29.1,33.7,45.2,54.5,32.6,35.8,31.4,36.3,33.2,28.5,34.8
"historical",1885,39.7,40.3,33.8,25.8,22.6,22.1,40.7,30.6,28.6,33,40.1,46.7,34,39.8,35.6,34.3,27.6,27.7,33.5
"historical",1886,28.1,33.9,34.2,37.8,30.1,24,39.6,22.9,27.4,44.9,39.9,55.9,41.5,38.4,32.7,42.5,28.4,31.3,35.2
"historical",1887,33.8,27.3,52.6,25.5,27.7,30.6,32.6,31.2,37.6,32.2,39.4,77.5,38.9,34.4,34.7,45.2,30.3,29.9,36.7
"historical",1888,40.4,30.8,43.3,22.5,24.7,26.6,43.1,23.7,33.6,38.7,49,63.2,44.3,29.7,31.5,37.1,32.3,30.3,35.8
"historical",1889,37.7,43.5,25.2,39.4,20.4,23.8,50.8,31.9,29.8,39.3,47.9,67.7,42,27.1,38.3,43.8,32.5,30.3,37.3
"historical",1890,35.4,37.5,36.7,28.1,23.6,23.2,52.6,32.5,32.4,33.5,41.5,79.2,41.7,33.8,33.9,44.2,33.9,33.8,37.6
"historical",1891,35,36.3,51.7,36.7,28,25.2,48.8,28.1,36.3,33.4,39.6,74.5,33.6,34.2,35.9,25.7,34.3,30.2,37.1
"historical",1892,38.3,37.7,33.7,33,23.4,33.3,38.5,29.1,21.9,40,39.7,54,42.9,43.3,28.1,44.1,31.1,30.5,35.7
"historical",1893,38.2,45,53.4,33,19.1,24.9,40.4,30.4,45,37.3,45.7,72.3,37.2,42.3,38.9,58.2,41.1,24.1,40.4
"historical",1894,49.2,38,57.9,29.4,20.4,23.9,39.3,30.8,27.1,50.4,47.9,56.4,45.2,29.1,33.9,44.6,32.4,24.5,37.8
"historical",1895,40.1,39.8,38.4,31.9,20.6,20.7,31.9,31.2,37,41.9,50.6,60.5,37.4,38.3,40.1,43.3,30.2,34.5,37.1
"historical",1896,40.4,28.1,58,29.3,27.1,19.7,47.9,31.9,33,40,49.1,66,41.3,29.4,36.1,39.7,35.3,32.4,38
"historical",1897,31.2,33.8,40.7,26,19.6,25.4,38.4,27.1,25.4,41.8,41.5,69.2,48.2,33.2,35.9,51.7,33.4,42.4,36.9
"historical",1898,25.8,43.9,37.6,33.7,23.6,22.1,37.6,30.9,29.1,37.9,48.3,67.2,37.7,33.9,37.2,34.4,44,30.5,36.4
"historical",1899,25.4,44.2,46.8,24.2,22.1,26.4,30.4,30.5,55.1,43.9,48.6,84.8,39.6,37.5,31.5,42.4,34.2,28.8,38.7
"historical",1900,36.3,34.6,36.5,23.7,26.3,25,35.6,33.2,42,37.8,48,92.8,38.1,28.5,33.7,48.4,34.8,28.6,38
"historical",1901,40.8,42.4,23.3,31.3,21.2,32.4,44.1,30.6,35.8,40.2,51.6,66.9,37,30.2,35.6,41.9,37.6,39.1,37.9
"historical",1902,38.8,40.3,35.8,35.1,23.7,22.7,34.1,23.6,44.4,49.5,49.7,76.5,36.8,32.8,33.7,58.8,37.5,22.8,38.7
"historical",1903,31.4,29.2,37.4,37.5,22.7,24.2,38.1,29.6,30.6,44.1,48.1,58.9,48.5,29.6,34.9,36.1,36.1,31.1,36
"historical",1904,30.2,32.1,29.7,27.9,26.6,27.3,41.1,31.6,22.7,33.6,50.3,76.9,34.3,30.5,33.6,39.3,38.9,31.4,35.4
"historical",1905,38.3,27.4,44.7,29,29.6,25.1,35.7,33.4,22.1,35.4,42.9,77.9,37,35,37.5,35.2,47.3,30.8,36.9
"historical",1906,30,33,25.9,29.6,20.8,30.1,27.1,23.8,32.1,30.3,54.8,70,40.5,34.3,27.9,37.9,32.1,31,34
"historical",1907,36.3,36,30.7,38.2,21.6,22,41.7,30.6,50.2,42.7,43.6,76.8,34.9,27.4,25.5,41.7,28.3,35.2,36.9
"historical",1908,33.7,39.8,32.4,29,27.5,26.2,34.6,27.7,31.5,36.7,45,57,46.8,41.4,33,46,31.5,32,36.2
"historical",1909,20.6,44,34.4,30.4,23.1,23.9,60.6,23.6,32.4,36.1,44.5,64.1,39.9,30.7,34.1,33.8,31.6,25.6,35.2
"historical",1910,35,38.7,31.9,38.1,31.4,24.9,35.9,23.1,28.7,30.8,37.3,64.3,39.4,41.9,27.4,29.2,42.6,31.1,35.1
"historical",1911,33.1,36.7,35.8,30.6,23.1,25.3,53.8,27.6,26,35.5,50.5,87.5,43.3,37.7,32.8,50.5,33.6,23.2,38.1
"historical",1912,33.3,28.5,51.2,35.9,19.3,21.9,39.6,28,36,37.8,46,61,49,25.5,36.8,46.1,30.4,28.8,36.4
"historical",1913,42.9,19.6,49.2,30.9,25.9,25.1,42.8,26.2,32.9,32.8,43.9,82.8,43.5,34.2,33.4,51.9,33.5,25.2,37.6
"historical",1914,28.9,36,31.3,23.9,22.7,25.5,49,26,36.2,41.9,44.6,71.2,33.9,40.3,44.4,34.1,37.4,26.6,36.3
"historical",1915,33.5,41.5,34.5,28,21.3,24.7,43.7,24.2,33.2,43.7,49.7,51.5,38.5,25.7,35.7,30.5,30.3,32.7,34.6
"historical",1916,26.2,36.4,39.5,33,21.3,23.9,41.1,33,35.3,39,38.5,60.5,44.8,33.7,30.1,38.6,31.6,28.1,35.3
"historical",1917,28.7,39.9,45.9,33.9,24.6,19.4,43,25.6,44.5,34.6,52.2,61.7,43.8,34.7,29.9,35,27.8,22.3,36
"historical",1918,31.3,32,40.6,31.8,22.2,21.5,36.7,25.9,30.3,45.1,49.6,74.8,44.7,31,36.1,30.5,31,27.8,35.7
"historical",1919,40.2,40.1,34.4,29.6,24.1,26.4,27.9,29.4,38.3,43.7,41.4,59.7,39,33.1,39.4,60.6,35.2,29,37.3
"historical",1920,35.3,31.2,32.2,26.4,25.9,21.7,51.8,28.1,14.8,39,45.2,47.1,39.8,44.8,36.6,41.1,29.3,28.8,34.4
"historical",1921,33.6,36.9,47.9,31.3,20,26.9,42.5,28.8,35.6,40.2,43.5,69.3,37.5,31,34.2,36.9,32.1,31.4,36.6
"historical",1922,31,29.4,44.5,30.4,24.6,24.2,42.1,32.4,31.6,37.5,37.5,59.7,44.9,27.9,35.7,42.2,31.3,33.9,35.6
"historical",1923,29.6,36.3,34,39.5,28.8,26.3,30.4,29.2,20.8,41,36.4,88.2,36.7,22.5,34.2,33.2,30.9,28.4,34.8
"historical",1924,30.9,36.8,39.4,32.5,24.7,20.9,45.3,33.7,30.9,39.5,50,72.2,42.5,37.7,37.9,36.9,37.6,36.1,38.1
"historical",1925,37.3,31.7,29.6,25.5,30.6,23.9,37.2,32.4,32.2,42.1,43.3,54.8,46.5,33.3,38.7,48.1,29.9,28.8,35.9
"historical",1926,32,44.8,42.2,36.6,24.4,25.3,41,35.4,35.5,41.7,50.4,75.7,44.3,29.1,32.3,35.2,37.6,29.9,38.5
"historical",1927,39.5,35.3,31.5,34.2,22.9,27.9,49.6,34,41,40.9,48.5,54.8,32.5,29.3,35.6,52.3,29.7,38.5,37.7
"historical",1928,26.8,48.6,46.1,35.9,21.6,24.4,28.5,26,28.4,34.9,38.7,60.4,35.9,44.3,31.6,47.7,29.9,36.5,35.9
"historical",1929,26.5,54.5,32.5,31.9,18.9,24.1,45.7,32.9,28.7,40.1,42.3,64.3,41.4,34.9,35.5,34.4,32.5,24.1,35.8
"historical",1930,38.5,34.6,40.3,31.6,27,22.8,46.3,25.8,37,44.6,41.8,58.1,33.8,38.5,32,49.1,39.7,26.2,37.1
"historical",1931,37.7,29.5,37.3,33.9,16.6,25.1,22.4,31.5,37.3,39.7,45.9,57,39.6,29.8,31.3,39.4,28.9,34.9,34.3
"historical",1932,39,39.4,34.4,32.1,24.3,26,33.8,27.7,35.5,34.4,44.2,97.5,42.6,30.2,32.5,41.1,28.5,36.8,37.8
"historical",1933,36.5,38.3,23.7,36.2,27,32.7,32.3,25.8,39.4,39.2,51.2,113.2,40.9,25.3,40.6,27.7,29.6,29.8,38.3
"historical",1934,32.1,35.8,37.4,38.8,24.2,24.8,37.6,32.8,31.4,38.8,42.7,76.9,34.1,31.2,32,44,26.7,28.6,36.1
"historical",1935,28.5,34.8,28.3,24.1,23,24.9,44.3,30.6,33.6,45.5,35.8,27.1,48.6,32.7,34.4,50.1,38.7,30.2,34.2
"historical",1936,28.1,30.5,34.9,33.7,24.2,20.2,30.4,29.3,53.4,41.6,46,62.7,44.6,20.3,40.5,52.9,37.9,32.3,36.9
"historical",1937,41.4,44.7,37.4,47.8,25.8,26.1,50.6,31.3,24.7,46.4,49.9,76.9,46.7,27,36.1,39.5,29.7,27.5,39.4
"historical",1938,32.2,35.3,24.9,28.5,25.2,26.3,36.6,29.3,33.1,36.9,44.5,92.1,39.2,41.9,34.8,44.9,40.9,29,37.5
"historical",1939,32.7,32.6,30.5,28,22.7,28.8,30.7,38.9,26.9,40.2,50.7,52.4,36.7,35.1,35.4,46.5,39.4,37,35.8
"historical",1940,39.9,39.9,43.5,30.6,24.8,20.8,47.7,30.5,35.1,42.2,44.6,47.4,42.4,41.2,34.2,45.6,19,29.6,36.6
"historical",1941,31.7,45,45.2,34.8,26.7,21.8,42.4,28.5,22.5,28.3,43,61.2,39.5,46.5,37.7,40.3,40.6,31.6,37.1
"historical",1942,20.5,55.4,29.3,31.9,28.4,27.2,32.4,33.7,33,43.1,51.8,70.6,36.3,26,30.1,62,37,28.3,37.6
"historical",1943,26.8,48,27.8,39.7,22.1,22.7,32.9,31.2,32.3,37.8,46.6,79.7,37.3,32.4,34.3,42.3,35.1,27.1,36.5
"historical",1944,31.7,58,38.5,37.3,19.7,25.4,43.4,28.9,22.4,37.7,41.6,35.7,36.5,27.2,30.2,32.4,36,30.6,34.1
"historical",1945,35,44,39,33.9,24.2,22.7,35.9,26.7,27.6,35.5,41.4,59.8,40,33.9,39.6,44.7,39.3,26.2,36.1
"historical",1946,32.6,31.9,39.5,25.8,21.7,19.1,41.8,24.1,40.2,34.1,43.2,70.8,45,31,31.5,55.5,36.6,21.9,35.9
"historical",1947,31.3,34.4,35.4,33,24.4,23.5,37.9,29.8,24.1,30.4,45,75.7,35.9,24.9,43.1,47.3,42,32.9,36.2
"historical",1948,23.6,53.2,50.8,23.6,19.7,24.9,40.6,36.7,41.9,39.9,38.2,53.2,46.8,28.4,28.5,56.1,35.7,33.3,37.5
"historical",1949,34.7,36.6,43.1,37,22.6,26.8,47.1,28.6,25.9,34.9,45.8,66.9,40.9,40,35.9,36.1,34.3,18.8,36.4
"historical",1950,43.1,28.1,38.3,26.7,26.6,25,42.3,27.8,37.4,33.6,44.9,56.8,42,34.2,41.8,46.3,30.5,28.6,36.3
"historical",1951,27.7,57,32.2,34,21.3,28,36,34.1,34.7,45,40,62.5,33,29.1,32.2,45.9,36.4,27.5,36.5
"historical",1952,30,31.6,32.4,42.4,24.3,23.6,36.3,29.6,30.1,38.2,55.1,88.6,42.4,45,43.2,45.8,34.4,31.2,39.1
"historical",1953,42.8,35.8,40.1,31.1,25.4,25.3,39.6,25.3,27.7,34.6,52.4,41.2,56.8,35.4,31.3,35.5,35,31.1,35.9
"historical",1954,31.6,48.6,27.6,18.3,26,21.2,43.6,25.8,35,37.3,44,48.7,51.9,28.7,35.6,39.8,28.6,30.9,34.6
"historical",1955,30.6,31.8,26.9,27.5,21.1,24.4,25.6,27.6,40,31.7,36.9,74.8,35.7,36.9,41.3,44.7,38.2,22.9,34.4
"historical",1956,27.8,49.2,49.6,30.1,22.1,22.9,36.3,27.8,32,42.2,44.8,80.6,46.5,33.6,34.1,31.1,35.9,30.8,37.6
"historical",1957,38.4,32,38.5,27.2,21.7,20.2,44.8,28.4,26.7,35.7,48.4,45.5,49.3,37.6,42.5,43,27.4,30.4,35.4
"historical",1958,29.1,25.4,52.6,36.2,27.8,20.9,28.7,29.5,29.3,41.7,48,63.2,33.6,26,41,40.2,36.2,20.9,35
"historical",1959,29.7,35.4,49.8,24.1,21.8,19.7,33.1,27.8,26.4,40.1,59.3,60.3,39.8,29.5,30.8,36.5,32.5,27.4,34.7
"historical",1960,35.4,45.1,27.2,27.1,24.1,23.9,39.6,29.1,28.5,42.5,40.2,95.8,38.5,37.1,29,44,42.5,30.5,37.8
"historical",1961,43.4,47,40.5,31.4,25.6,23.9,31.3,25.1,22.6,32.1,46,96.1,43.3,41.9,27.5,38.8,32.8,24.2,37.4
"historical",1962,33.4,41.6,25.2,29.5,22.4,21.4,33.6,27.2,31.8,35.8,43.3,73,42.3,36.9,30.3,38.4,26.1,25.9,34.3
"historical",1963,37.1,28.8,47.3,32.6,21.4,23.8,42.1,39.8,33.2,41,50.8,46.2,38.3,36.4,42.2,32.6,30.2,32.6,36.5
"historical",1964,29.5,31.8,35.1,26.3,22.7,22.3,44.6,31.8,30.8,37,48.2,71.5,42.1,33.5,43.4,27.4,23.3,23.2,34.7
"historical",1965,34.4,55.7,35.8,36.4,22.9,25.3,48,28.2,22.9,50.1,45.6,64.7,42.2,40.9,30.3,51.4,30,27.7,38.5
"historical",1966,43.1,35,20.9,30.7,21.7,28.2,29.2,27.2,37,45.5,54.6,81.8,47.6,33.5,38.1,34.8,32.6,26.4,37.1
"historical",1967,40,38,35.5,37.7,21.3,26.2,30.1,33.5,36.4,38,49.7,81.7,41.6,44.6,35.4,53.1,31.6,26.4,38.9
"historical",1968,26,42.1,32.3,32.5,22.7,19.1,49.8,30.1,36,43.1,36,52.1,42.2,33.5,31,47.2,27,20.5,34.6
"historical",1969,28.7,23.4,29.6,40.3,25.1,19.4,41.7,30.2,35.1,46.1,50.5,56,34,45.9,28.8,35.8,35.6,28.4,35.3
"historical",1970,35.6,34.2,43.1,32.3,22.8,25.4,47.1,30.2,29.8,43,49.4,81.5,45.9,37.6,36.3,43.6,39.9,22.7,38.9
"historical",1971,36,39.3,33.9,29,24.3,19.4,41.7,28.7,29.2,35.7,44.5,58.3,42.8,36.4,30.5,46.1,25.3,35.4,35.4
"historical",1972,37,43.9,31.4,36,24.5,20.6,48.8,33.8,25.7,36.3,44.6,57.6,39,40.1,35.3,49.1,34.2,31.3,37.2
"historical",1973,38,42,32.8,29.5,17.7,22.2,35.9,27,34.1,43.8,43.9,62.4,35,31.4,34.3,47.9,31.9,31.2,35.6
"historical",1974,34.8,48.6,35.6,27.1,22.5,22.9,32.7,31.6,32.2,37.6,42.5,76.4,33.3,28.3,27.5,35.3,40.6,28.5,35.4
"historical",1975,36.7,34.2,33.3,29.8,21.8,25.2,46.5,27.7,28.4,34.9,45.1,51.2,41.8,32,31.5,45.9,30.9,31.8,34.9
"historical",1976,38.8,36.8,30,35.7,21.4,27.9,33.1,27.9,22.1,41.7,59.5,73.9,40.6,32.7,39.6,33,31.9,28.3,36.4
"historical",1977,30.4,28.4,52.2,35.6,24,20.5,37.3,27.8,30.2,32.8,51.6,77.1,38.3,36.5,28.7,51.6,29.4,32.1,36.9
"historical",1978,26,38.1,40.4,30,23.7,25.4,42.8,32.3,22.8,39.8,52.5,64.9,37.2,29.6,35.4,35.9,33,27,35.4
"historical",1979,23.2,36.6,36.9,26.1,19.9,21.9,27.4,25.9,30.9,52.8,53.7,53.8,35.4,37,27.7,30.2,37.9,22.3,33.3
"historical",1980,39.7,40,37.2,29.4,25.7,21.3,42,27.2,32.2,36.5,43.5,63.9,42.5,30.4,30.7,30.8,29,31.1,35.2
"historical",1981,38.4,28,41.3,35.4,21,26.3,33.8,27.1,36.4,48.2,43.3,53.4,40.1,37.2,30.9,52.4,40.9,41.4,37.5
"historical",1982,29.3,38.6,31.8,27.5,32.2,24,30.8,33.4,37.3,36.1,44.7,71.7,35.4,30.4,29.8,49.4,26.2,26.4,35.3
"historical",1983,24.8,41.1,38.2,29,26.8,18.7,52.7,35.1,22,40.8,45.2,82.7,34.3,42.6,33,49.1,42.3,27.4,38.1
"historical",1984,43.1,37.9,27.5,34.9,20.4,28.6,41.1,34,40.5,36.3,47.1,74.8,40.9,27.3,31,33.9,27,30,36.5
"historical",1985,34.9,41.8,44.1,30.6,21.5,31.7,34.6,26.9,36.9,34.2,44.3,42.5,38.7,35.4,28.3,25.7,32.4,22.7,33.7
"historical",1986,24.1,44,31.3,22.4,20.8,19.5,29.8,34.7,35.3,28.4,39.8,51.2,35.8,34.6,26.4,31.4,34.4,31.8,32
"historical",1987,31.5,50,29.9,36.1,23.4,24.3,36.6,21.9,29.1,41.5,49.2,56.3,49,29.7,29.7,31.5,33.2,30.5,35.2
"historical",1988,33.1,35.3,39.7,29.3,21.6,23.9,35.2,26.6,37,46,35.6,55.3,36.6,37.7,28.4,35.7,27.6,30.2,34.2
"historical",1989,26.3,44.9,33.8,38.9,19.4,26.2,50.6,34.2,27.8,36.9,40.5,67,42.3,31.5,34.7,46.2,35.2,27.9,36.9
"historical",1990,30.7,37.1,45.6,38.6,28.5,24.5,29.2,30.2,29.5,35.6,47.2,51.3,42.1,30.9,34.7,40,27.9,22.2,34.8
"historical",1991,24.5,42.4,37.5,29,28.1,26.4,34,34.2,33.5,31.9,51.2,51.5,47.5,38.6,34.2,34.7,29.3,26.7,35.3
"historical",1992,31.8,41.2,27.6,32.6,23.9,27.2,32.1,25.6,35.2,39.8,46.4,65.3,36,30.7,34.5,30.3,35.1,30.4,34.8
"historical",1993,30.1,42.2,39.2,39.9,24.2,27.3,30.3,25.6,34.9,45.3,47.8,66.8,34.9,35.6,44.8,32.6,32,31.9,37
"historical",1994,42.9,31.4,36.5,37.2,20.6,20.3,38.9,26.4,22.4,45.2,47.1,77,40.6,34.6,33.2,57.4,46,32,38.3
"historical",1995,38.6,32.7,29.8,43.8,22.2,25.9,52.4,31.7,39.6,42.7,44.4,76,43.6,36.2,33,26.2,37.2,35.3,38.4
"historical",1996,39,63.8,36,27.2,24.3,29.5,42.7,31.2,27.2,42.3,54.8,83,35.3,34,32.1,29.5,28.2,35.9,38.7
"historical",1997,21.1,54.5,40.7,33.4,23.1,25.1,38.4,28.2,36,42.2,52.7,44.5,40.3,39.3,34.7,44.3,35.8,36.7,37.3
"historical",1998,42.5,55.2,29.9,34.5,23.7,26.5,39.4,29.4,34.1,42.1,60.5,55.2,39.2,37.3,36.8,30.5,37.3,24.2,37.7
"historical",1999,42.9,47.8,35.6,33.5,22.3,24.4,31.6,30.9,36.9,40.6,47.7,67,37.3,33.1,39.5,50.2,38.5,30.8,38.4
"historical",2000,36.5,42,33.3,37.7,21.5,23.9,38,28.6,35.5,36.8,44.5,111.7,39.5,35.9,33.4,40.4,31.8,30.2,39
"historical",2001,35,46.8,38.1,25.1,24.1,32.9,51.5,31.9,44.4,42.2,43.8,70.1,39.4,45.7,43,39.7,35.3,32.8,40.1
"historical",2002,49.6,49.6,42.4,37,22.4,24.8,38.7,27.3,39.7,40,50.9,44.4,45.6,37,34.8,49.6,35.3,30.5,38.9
"historical",2003,41.6,33.4,41.4,27.8,27.1,29.8,40.8,32.6,32.4,34.7,42,57.7,40.2,30.9,39.9,40.4,32.6,33.8,36.6
"historical",2004,23.6,40.7,47.4,33.7,19.8,29.1,64.1,27.1,29.5,42.4,45.9,73,37.9,35.4,33.6,41,34.8,38.3,38.7
"historical",2005,23.3,36.3,45.4,30.6,25,24,36.2,35.4,36.6,50.3,37,87.3,38.5,24.9,36.2,39.9,27.7,32.2,37
"historical",2006,32.7,42.4,26.6,40.2,29.8,26.5,33.9,36,40.6,49.8,50.4,56.7,50.7,32,32.4,40.2,33.8,27.5,37.9
"historical",2007,31,39.6,43.4,28.8,27.5,19.9,44.1,31,18.5,42,52.1,62.8,45.5,25,41.3,42.2,37.1,27.6,36.6
"historical",2008,43,52.7,30.9,30,28.7,33,33.7,35.1,43.2,39.7,43.7,93,40.9,35.7,31.2,32.7,38.7,30.4,39.8
"historical",2009,34.9,34.7,38.1,37.2,23.4,23.5,35.6,28.4,33.7,46,58.8,88.6,31.3,29.8,36,34.3,42.8,30.9,38.2
"historical",2010,31.5,45.4,39.8,37.4,28.6,21.1,39.8,26.9,37.5,38.9,42.2,59.6,38.8,26.7,34.1,48.6,41.1,31,37.2
"historical",2011,39.5,33.3,33.9,40.4,30.3,27.6,53.3,32.1,34.1,43.6,50.4,57.1,45,32.8,34.2,41.7,43.4,37.1,39.4
"historical",2012,37.1,50.1,31.2,33.4,22.9,23.3,39.7,35.5,31.3,53.8,47.5,59.9,48.9,36.9,37.5,48.9,42,28.2,39.3
"historical",2013,40.3,55.3,35,40.1,22.1,22.2,36.1,26.9,23.6,42.9,50.5,55.8,39.6,38.6,33.9,46.6,30.1,39.5,37.7
"historical",2014,34.8,34.9,46.1,29.6,23.5,22.6,40.9,35.4,26.1,45.4,53.1,61.3,46.2,29.5,35.2,41.5,34.5,26.8,37.1
"ssp126",2015,30.9,46.4,81,28.2,31.8,28.6,33.1,14.3,33,42.7,40.2,38.9,41.5,30.9,39.5,43.4,50,23.2,37.6
"ssp126",2016,34,55.4,19.6,28.8,20.5,22.2,39.5,27.9,43.4,54.9,43.6,65.6,54,49.1,32.1,72.1,44.6,30.2,41
"ssp126",2017,35.3,37.6,31.7,34.3,22.9,18.4,21.8,22.1,18.1,73.8,40,106.4,38.3,23,35.8,28.8,25.6,27.6,35.6
"ssp126",2018,28.4,24.3,27.7,38,24.2,26.6,31,35.4,23.6,67.9,59,58.9,38.5,41.5,46.9,26,38.8,39.3,37.6
"ssp126",2019,33.1,38.1,46.8,28.7,18.8,31,27.4,35.2,50,58.5,55.3,58.1,43.2,30.4,29,34.3,45.9,25.4,38.3
"ssp126",2020,24.1,34.8,42.7,39.9,21.8,21.5,43.4,22.9,33.8,58.8,45.2,99.3,40.3,33.5,40.1,55.1,28.9,24.5,39.5
"ssp126",2021,31.9,23,28.1,37,23.2,36.9,42,21.8,25.9,72.3,45.2,81.4,31.4,45.3,43.8,40.8,50.2,27.5,39.3
"ssp126",2022,37.3,53.3,76.2,36.7,20.9,31,41.8,33.6,43.4,37.1,45.8,60.3,35.5,36,39,20.5,37.1,32.7,39.9
"ssp126",2023,31.1,37.8,33.8,38.4,22.9,24.8,66.6,17.3,21,27.1,37.9,64.2,42.7,19.8,41.7,38.3,33.1,45.4,35.8
"ssp126",2024,30.4,30.9,35.7,33.7,26.9,25.3,42.6,35.9,57,14.2,48.7,77.5,60.2,22.2,33.7,29,42.2,23.6,37.2
"ssp126",2025,34.4,37.8,63,43.4,28.3,24.5,53,33.6,20.8,42.4,52.8,55.5,51.1,16.4,36.6,57.3,34.9,27.4,39.6
"ssp126",2026,32.6,51.6,25.5,31.2,26.4,20.1,71,33.6,40.2,67.2,45,85.2,32.7,29.9,38,64.1,33,33.6,42.3
"ssp126",2027,36.9,27,37.8,32.4,28.9,35.1,52.8,18.8,19.2,26.1,48.1,42.3,43.4,30.1,32.3,56,33,24.9,34.7
"ssp126",2028,36.3,39.7,54.4,32.7,30.5,21.6,64.9,34.5,28,47.8,56.9,33.9,34,35.5,32.9,65.8,24,28.1,39
"ssp126",2029,38.4,44.5,37.3,39.1,43.4,25,86.1,32.2,30.8,29,54.4,30.1,36.5,23.4,30.7,25.9,34,40.5,37.9
"ssp126",2030,35.9,35.9,53.3,37.7,35.6,35.2,47.8,15.4,20,31.1,62.9,91.4,52.3,54.9,33.3,51.3,28.4,30.9,41.9
"ssp126",2031,38.3,36.8,27.9,32.7,24.5,23.9,43.5,30.2,53.9,24.6,34.1,170,45.7,59.3,31.6,59.1,34.1,29.2,44.4
"ssp126",2032,44.2,41.7,33.8,44,39.2,27.5,19.9,31.3,13.2,48.1,37.8,58.2,54.9,58.3,38.1,51.7,26.1,25.2,38.5
"ssp126",2033,36.2,43.9,34.9,32,25.2,28.7,43.4,50.1,48.6,43.1,64,60.5,50.3,28.9,35.7,59,29.4,31.4,41.4
"ssp126",2034,30.9,43.4,36.5,41.4,29.9,22.8,26.3,25.7,35.4,49.5,52.1,62.4,39.2,56.5,38.1,50.7,43.7,33,39.9
"ssp126",2035,35.8,27.6,44.1,26,25.3,17.3,45.5,33.6,38.8,31.4,51.9,50.9,26.7,31.8,37.5,52.1,33,25.2,35.2
"ssp126",2036,32.2,28.7,33.6,30.8,24.6,29.2,48.8,61,29,28.7,51.7,114.7,50,19,31,27.5,48,33.5,40.1
"ssp126",2037,30.7,36.2,28.3,37.9,22.9,30.2,28.7,21.6,22.9,38,42.1,96.3,48.4,17.9,39.3,23.3,43,31.6,35.5
"ssp126",2038,35.8,43.2,45.2,36.6,22.6,26.9,47.5,7.1,46.7,52,46,47.5,46.2,29.1,39.1,55.2,33.1,19.2,37.7
"ssp126",2039,42.4,54.1,14,36.9,27.9,21.8,29.8,40.7,13.9,27.6,38,51.8,23.7,33,38.7,42.5,25.3,42.9,33.6
"ssp126",2040,40.4,48.7,45.9,38,29.3,34,57.9,32.8,28.9,17.7,58.2,80.4,57.3,49.3,39.1,41.9,47.4,40.4,43.8
"ssp126",2041,25.9,72.1,52.3,35.6,35.8,29.4,49.5,57.1,30.2,42.9,50.1,45.3,49.8,29.6,37.1,78.2,56.2,30.1,44.8
"ssp126",2042,31.9,68.6,38.8,42.6,33,28.2,52.5,41.6,23.3,38.6,50.1,41.6,41.4,35,34.6,65.7,25.8,28,40.1
"ssp126",2043,28.7,38.4,66.2,29.3,26,25.2,43.5,38.6,31.1,56.6,55.5,47.6,48.1,53,35.6,46.1,45.6,21.9,40.9
"ssp126",2044,35,57.8,54.6,43.1,22.1,27.4,65.6,33.3,11.1,49.3,54.5,62,35.8,46.1,43.3,53.1,51.5,32.5,43.2
"ssp126",2045,45.5,35.5,55.6,35.2,21.2,32.3,48.7,35,44,43.2,42.4,104.2,24.5,41.2,40.1,29.4,31.1,35.6,41.4
"ssp126",2046,27.6,52,12.9,42.5,27.4,32.1,29.6,33.1,25.5,52.8,45,40,18.1,24.6,36.5,37.4,34.6,26.5,33.2
"ssp126",2047,24.3,28.5,39.1,32.4,24.3,31.8,31,44,23.5,49.8,53.8,57.3,34.9,37.8,41.6,48.4,26.5,24.9,36.3
"ssp126",2048,41.2,26.8,47.8,42.3,22.8,27.7,37.1,25.3,33.3,34.9,42.4,80.5,47.2,36.6,35.7,57.8,22.2,42,39.1
"ssp126",2049,33.3,29.7,29.5,34.7,23.7,22.6,44.6,15.1,26.4,39.8,58,93.4,36.2,40.4,32.8,24.3,25.3,33.7,35.8
"ssp126",2050,52.5,29.5,43.7,39.6,33.3,27.6,36.8,59.9,49.2,57.9,58.5,77.1,48.6,38.7,41.3,32.8,45.9,33,44.8
"ssp126",2051,34.6,17.9,28.5,36.5,22.9,35.2,50.5,33.8,20.9,45.9,55.3,52.5,59,20,40.6,56.8,27.4,41.5,37.8
"ssp126",2052,35.6,48.6,21.9,32.4,21,27.8,47.4,29,8.1,50,42.3,105.6,53.3,31.9,39.7,78.2,41.9,36.8,41.8
"ssp126",2053,29,68.4,18.9,38.5,30.2,23.9,60.1,9.9,27,54.8,38.4,80.4,46.1,25.7,44,38.9,42.8,32.6,39.4
"ssp126",2054,34.3,62,41.9,35.4,26.3,22.3,62.7,23.8,36.3,77.6,45.6,94.5,42.7,27.9,32.4,36.4,30.1,26.1,42.1
"ssp126",2055,36.4,44.3,40.8,50.7,22.4,21.9,49.8,23.6,17.1,65.7,53.2,35.9,66.7,61.5,35.8,25.5,31.1,35.1,39.9
"ssp126",2056,30.9,46.9,81.8,31.9,25.3,31.3,57.3,23.9,50.5,67.5,52.4,37.3,32.8,52.7,42.6,36.2,25.6,34.2,42.3
"ssp126",2057,33.9,50.4,38.8,35.8,31.5,34.8,20.1,32,7.2,35.4,49.7,88.9,61,19.5,40.6,39.7,50.9,30.7,38.9
"ssp126",2058,35.6,39.2,38.7,34.1,19.6,30.8,47.2,24.4,14,64.6,48.9,49,74.1,40.4,43.6,41.8,29.9,17.2,38.5
"ssp126",2059,30.8,63.2,31,35.1,35.4,34.1,48.5,15.6,36.8,47.5,48.3,128.7,65.8,44.4,34.5,82.1,31.9,31.1,46.9
"ssp126",2060,38.7,68.3,27.2,43.6,35.7,30.6,35.9,40.8,34.7,30.2,48.7,80.4,53.8,32.6,34.5,40.4,21.2,29.6,40.4
"ssp126",2061,32.9,25.2,34.7,42.5,27.5,23.2,47,37,53,49.5,59.1,51.9,47.6,38.5,38.3,49,38,38.1,40.7
"ssp126",2062,35.5,32,38.7,35.5,30.1,29.8,29.2,30.5,24.7,20.6,41.7,81.3,41,51.2,37.5,51.2,31.8,27,37.2
"ssp126",2063,49.2,64.7,53.1,29.4,25,27,30.5,29,24.6,40.4,45.9,39.3,56,43,38.2,50.7,27.9,45,39.9
"ssp126",2064,43.5,50.8,46.9,37.3,27.9,30.7,55.1,39.4,8.3,66.6,51.1,53.3,45,40,35.9,35.1,26.4,35.2,40.5
"ssp126",2065,23.5,22.7,35.4,49.5,23.4,30.6,66.6,20.9,63.5,102.6,45.1,85.2,38.9,42.7,34.1,42.5,44.5,37.5,45
"ssp126",2066,35.9,32.8,49.4,37.4,26.8,11.9,44.8,32.8,19.9,42.7,47.4,79.1,33.4,28.2,36.2,69.6,27.6,38,38.5
"ssp126",2067,30.4,40.3,53.1,38.2,27.2,38,66.1,53.1,29.6,32.3,63.7,30.3,34.3,23.4,27.9,74.1,38.8,30.5,40.6
"ssp126",2068,53.5,69.5,55.9,41.9,30.6,29.5,30.1,51.4,22.9,59,46.7,52.1,44.1,29.8,40.9,40.9,18.3,29.7,41.5
"ssp126",2069,36.1,23.7,41.3,40.1,28.4,20,69.8,26.8,15.6,33.4,45.3,113.3,44,22.1,35.4,17.8,46.4,44.3,39.1
"ssp126",2070,42.9,40.1,28.3,41.2,29.3,23.3,75.2,39.5,26.5,54.8,53.1,108.9,50.7,18.1,44.4,36.4,24.6,27.1,42.5
"ssp126",2071,48.3,30.3,17.8,43,29.9,20,45.2,22.8,31.4,28.9,53.3,105.3,38.4,28.9,28.7,28.9,49.5,26.5,37.6
"ssp126",2072,31.1,56.2,30.4,42.6,30.6,23.6,52.8,27.3,47.2,24.2,46.2,50.8,37.4,46.2,30.3,47.4,45.1,32.9,39
"ssp126",2073,21.8,23.5,20.9,45.8,25.6,34.8,36.3,49.5,28.5,20.6,51.7,53.7,34.4,33.2,39.4,37.9,35.2,26.7,34.4
"ssp126",2074,47.8,6.7,38,36.5,29.8,28.1,43.6,26.6,27.6,45.4,46.7,58.2,50.3,39,40.1,30.8,31.2,33.5,36.7
"ssp126",2075,40,45.2,9.6,36.6,34.1,41.8,26.7,30.1,40.1,42.8,57.1,82.9,46,23.4,35.5,37.6,33,26.2,38.3
"ssp126",2076,34.7,25.8,13.9,41.3,29.8,23,50.3,17.1,58,31.7,56.4,65.6,46.4,35.6,43.7,39.3,18.2,29.2,36.7
"ssp126",2077,34.5,50.3,33.5,35.9,21.6,22.5,69.4,36.4,45.2,33.4,58.5,102.4,38.2,40.7,32.5,72.3,42.4,35,44.7
"ssp126",2078,32.6,52.3,46.3,40.8,30.1,31.2,36.4,29.9,28.6,44.6,47.5,52.2,43.7,31.2,34.4,52.8,31,27.8,38.5
"ssp126",2079,33,65.1,28.8,44.8,22.4,27.4,39,18.3,42.4,84.3,48.8,46.8,52.8,17.4,44.6,65.3,18,40.3,41.1
"ssp126",2080,38.9,60.5,44.5,48.2,30.3,27.2,32.7,51.1,37.3,37.9,37.3,53.9,57.7,36.2,40.1,35.6,49.7,22.7,41.2
"ssp126",2081,27.6,34.9,58.2,39,21.7,26,29.9,40.2,20,26.9,47.7,96.3,31,35.6,40.2,36.6,40,32.7,38
"ssp126",2082,31.6,78.7,36.8,37.6,30.9,26,60.9,27.7,39.6,38.3,35.3,70.2,61.7,31.8,32.1,64,28.9,22.7,41.9
"ssp126",2083,33.1,31.1,44.6,40.4,23.5,28.5,60.6,45,68,25.8,58.2,96.4,52.2,29.1,32,50.4,18.6,46.9,43.6
"ssp126",2084,34.9,35.7,40.3,44.6,26.1,33.8,39.3,33.2,39.1,40.2,46.2,81.4,49.3,51.4,36.3,41.9,32,24.1,40.5
"ssp126",2085,26.3,67.4,35.7,38.5,36.3,31.6,29.5,10.6,16.8,60.1,53.2,64.2,45.6,43.4,33.1,76.2,27,26.5,40.1
"ssp126",2086,26.9,27.4,41.5,31.8,25.4,26.2,54.8,20.5,26.3,38.9,48.4,114.7,25.7,42,30.9,58.8,17.6,23.6,37.9
"ssp126",2087,33.2,64.9,41.3,35.5,32,22.4,15.9,39.2,23.6,34.5,44.3,81.2,44,37.1,39.7,34.6,38.5,31.7,38.5
"ssp126",2088,29,43.8,32,28.4,32.4,23.5,66.7,26.5,58.9,40.4,53.9,27.2,57.5,53.9,26.7,53.4,32.9,31.2,39.9
"ssp126",2089,37.9,32.7,43.9,45,26.6,30.9,45.7,26.9,21.4,47.2,35.8,51.9,40.4,42.6,28.2,63.8,51.9,27.3,38.9
"ssp126",2090,23.1,32.9,30,35.7,34.9,31.6,28,37.2,42.2,39,37.3,45.6,34.3,56.5,34.6,36.4,17.1,26.8,34.6
"ssp126",2091,46,65.3,17.9,32.2,25.9,22.8,51.7,30.1,41.1,73.8,58.5,49.5,56,47.2,36.9,21.8,45.9,46.2,42.7
"ssp126",2092,29.1,69.3,34.4,39,32.3,25.9,32.7,35.8,32,66.5,51.5,58.4,50.7,23,42.6,17.9,40.2,21.2,39
"ssp126",2093,38.7,58,26.1,40.7,33.5,22.1,50.4,45.2,16.3,55.1,56,57.4,40.5,33.2,36.8,41.5,32.9,31.8,39.8
"ssp126",2094,31.5,23.5,30.5,35.7,25.8,29.5,47.4,39,20.1,40.8,57.2,57.5,50.8,44.5,33.8,43.1,31.1,33.3,37.5
"ssp126",2095,43.4,46.2,46.4,47.9,28.7,13.8,47.9,24.2,37.5,37,46.7,77.7,51.5,49.1,30.4,105.9,27.9,38.5,44.5
"ssp126",2096,41.4,44.1,43.2,31.1,30.1,27.2,36.8,22.2,34.5,67.6,39.8,38.4,40.2,41.8,34.9,67.4,37.9,22.5,39
"ssp126",2097,31.8,24.2,42.1,38.2,32.6,34.4,36.2,17.7,14.5,51.3,55.4,41.9,34.5,45,33,48.4,30.9,34.9,35.9
"ssp126",2098,32.8,70,31.1,33.2,29.8,31.1,48.2,27.2,57.7,52.8,51.6,100.7,54.3,35.9,34.3,7.8,31.2,35,42.5
"ssp126",2099,39.4,44.1,31.3,45.4,21.4,26.6,42.8,39.3,61.8,52.3,56.1,78.4,45.5,21.8,34.5,48.1,26.8,32.1,41.5
"ssp126",2100,48,45.2,52.3,40.1,31.4,25,26.3,27.7,38.7,34.4,49.3,61.2,52,66.6,32.7,30.6,41.8,27.9,40.6
"ssp245",2015,33.4,32.6,39.8,31.8,27.9,27.9,40.7,27.3,35.5,34.9,34.1,61.3,56.3,35.6,34.6,25.6,29.1,35,35.7
"ssp245",2016,43.7,29.3,41.8,28.4,23.1,25,40.5,37.8,62,28.6,60.6,60.4,60.4,31,34.8,35.2,35.2,31.6,39.4
"ssp245",2017,28.1,31.5,36.2,41.6,33.6,22.1,38.3,30,48.5,23.7,46.2,103.2,42.3,26,35.5,24.3,57.8,22.4,38.4
"ssp245",2018,32.1,23.7,12.6,35.6,24.4,26.7,30.9,32.3,34.7,34.3,48.4,46,40.7,36,36.6,30.2,41.9,20.4,32.6
"ssp245",2019,36.9,33.6,28.3,41.4,34.7,27.9,42.7,24.1,24,58,56.3,56.5,44.6,39.8,31.3,49.5,43.6,29.5,39
"ssp245",2020,40.8,64.7,21,33.3,22.7,28,42.5,31.7,71.7,39.4,38.4,124.4,49.4,36.4,39.7,37.7,26.5,48,44.2
"ssp245",2021,32.7,73.6,20.5,32.9,21.6,17.3,39.7,30.4,31.2,33.2,46,43.9,34.4,41.8,37.9,26.8,27.4,42.6,35.2
"ssp245",2022,21.3,13.9,45.5,36.8,24.8,24.7,47.1,26.2,39,37.9,48.7,49.9,21.6,45.8,36.5,30.8,32.5,15.1,33.2
"ssp245",2023,37.5,42.6,18.9,32.4,31.8,32.5,50.2,36.6,17.5,65.5,52.6,35.4,47.6,35.2,34.5,44.5,30.1,31,37.6
"ssp245",2024,37.3,40.1,36.2,38.9,28.7,25,38.5,33,33.8,40.8,50.2,74.7,39.8,17.7,32.4,30.3,38.2,20.6,36.5
"ssp245",2025,37.4,33.4,65.7,41.1,26.8,24.2,37.9,28.2,29.4,31.9,51.9,70.4,45.6,34.9,32.9,24.9,55.2,34.2,39.2
"ssp245",2026,41.2,45.3,36.6,37.6,24,29.5,29.5,37.7,23.2,94.4,48,96.6,39,31.2,33.9,55.5,28.7,23.5,42
"ssp245",2027,36.1,29.2,28.6,26.1,25,34.3,40,27.8,43.5,33.2,51.1,41.5,63,43.6,41,28.2,39.5,42,37.4
"ssp245",2028,34.5,66.1,60,44.4,28.9,28.7,30.9,30,51.5,44.1,50.8,45.6,43,35.6,36.1,33.8,35.4,41.3,41.1
"ssp245",2029,26.1,33.8,15.9,28.6,35.9,20.7,38.1,32.9,46.2,63,54.1,26.5,25.8,18,39.9,40.2,24.2,39.2,33.8
"ssp245",2030,32.2,24.5,40,42,29.1,33.5,68.9,29,20.9,73.4,44.8,36.4,36.8,25.7,37.4,60.5,39.8,34.8,39.4
"ssp245",2031,25.6,28.7,41.6,32,31.1,22,46.4,31.3,38.5,51.5,53.3,56.5,35.5,29.1,35.5,50,26.9,36.3,37.3
"ssp245",2032,29.1,56.5,45,45.8,32.2,26.2,50.5,37.1,17.5,30.7,54.3,118.8,51.7,30.9,39.5,65.2,35.9,25.8,44
"ssp245",2033,34.9,20,26.4,38.5,25,24.9,44,33.5,7,56,55.1,43.4,55.9,74,36.9,38.4,36,27.2,37.6
"ssp245",2034,39.2,45.3,53.9,43.8,25.4,25.5,40.4,27.2,39.9,56.3,48.6,33.5,42.4,53.5,37.4,36.5,43.9,31.2,40.2
"ssp245",2035,42,48.2,73.6,33.5,33.4,19.3,45.9,30.3,35.5,33.2,37.5,98.5,41.8,26.6,37.6,63.7,31.1,20.2,41.8
"ssp245",2036,34.8,43.2,33.2,37.4,22.9,25.2,28.9,37.2,27.1,27.3,48.6,34.6,58.7,40.8,33.8,83.5,38.2,30.4,38.1
"ssp245",2037,42.4,83.7,30.9,41.9,25.7,12.3,33.4,23.6,12.7,44.5,66.5,81.4,35.8,47.8,35.6,26.7,27.9,26.5,38.9
"ssp245",2038,37.5,41.9,51.3,38.6,39.8,17.7,47.1,31,43.3,50.5,45.3,40.6,48.8,19.1,42.9,22.6,29.3,22.9,37.2
"ssp245",2039,27.9,68.8,43,38.5,25.2,30.5,43.7,32.2,42.4,43,42.2,74.2,33.9,29.4,36.4,54,28.9,27.8,40.1
"ssp245",2040,27.2,19.3,66.6,33,24.8,16.7,31.3,39.7,33.5,27.6,46.9,91.4,36.2,34,37.4,49.8,33.5,25.4,37.5
"ssp245",2041,41.9,27.3,12.4,38.7,19.1,20.7,35.4,33.5,15.5,51.8,43,90.7,47.3,26.8,34.2,57,16.6,31.7,35.8
"ssp245",2042,30.7,51.3,44.2,35.6,26.3,23.1,40,31.1,41.5,41.5,46.5,43.8,62.2,38.5,25.9,39.7,31.2,32.5,38.1
"ssp245",2043,37.8,31.5,21.5,40.9,32.6,21.9,49.7,35.2,44.1,42.5,47.7,90.4,37.8,23.7,31.7,59.7,36.7,29,39.7
"ssp245",2044,40.8,27.6,34.2,41.9,23.4,21.6,26.4,30,45,57.6,53.2,68,50.9,52.5,33.9,64.3,42.3,31.9,41.4
"ssp245",2045,25.6,36.7,67.1,39.2,30.1,22.3,37.3,31.3,48.7,50.6,55.4,42.6,47,37.9,36.3,41.8,39.7,35.1,40.3
"ssp245",2046,45.1,51.2,51.1,39.4,20.8,24.4,42.9,25.9,31.2,40.8,55.4,87.8,50.7,59.9,43.4,23.6,37.5,36.7,42.7
"ssp245",2047,30.3,36.1,29.8,27.7,23,23.7,24.5,32,24.6,52.1,63.9,58.8,41.6,31.9,37.6,36.7,26.2,33.7,35.2
"ssp245",2048,32.3,55.6,25.4,35,21.9,38.5,34.6,26.7,33,55.2,41.8,55.3,32,28.5,40.5,28.9,42.2,33.8,36.7
"ssp245",2049,29.9,66.1,43.9,40.8,22.8,32.2,35.5,30.3,25,43.1,61.6,100.6,21.4,48,30.6,46.8,43.5,42.1,42.5
"ssp245",2050,38.6,66.9,58.1,34.8,30.1,32.1,38.7,30.9,35.4,22.6,41.6,87.3,70.1,37.5,40.8,44.8,56.8,24.5,44
"ssp245",2051,42.5,35.3,41.3,37.9,21.2,27.9,43.8,33.7,26.3,31.7,47.9,37.4,88.1,26.5,34.1,56.1,44.5,23.7,38.9
"ssp245",2052,38.8,41.1,49,33.5,21.6,23.4,36,34.4,13.8,53.8,53.9,62,30.6,21,39.7,17.4,34.9,42.8,36
"ssp245",2053,29.1,23.2,38.5,39.7,35.8,28.4,33.3,33.1,43.7,75.8,36.8,95.9,38.4,29.5,36.3,43.1,29.5,24.6,39.7
"ssp245",2054,32.3,28.9,61.3,41,20.8,25.5,39.3,31.5,54.2,52.1,49,53.3,56.5,31.5,36.6,26.7,28.1,30.3,38.8
"ssp245",2055,45.8,34.1,48.7,47.1,36.1,30.1,52,33.3,24.2,37.3,54.6,37.4,34.5,52,47,29.2,33.6,35.9,39.6
"ssp245",2056,42.3,36.6,22,33.2,35.7,28.4,40.4,24.1,47.1,23.2,49.1,37,43.1,27.6,35.8,35.1,32,30.4,34.6
"ssp245",2057,34.2,54.4,39.3,52.9,31.9,24.3,50.5,31.6,32.4,65,51.6,73,47.5,27.1,40.2,35.3,26.2,39.4,42
"ssp245",2058,36.8,49.5,35.8,52.1,34,25.2,27.8,28.6,34.5,39.3,33.4,90.7,41.9,42,34.4,35.5,18.1,30.1,38.3
"ssp245",2059,32.6,47.9,65.4,39.5,19,25,45.5,30.8,56.3,42.2,42.9,73.1,48.3,35.9,39.8,37,42.7,29.6,41.9
"ssp245",2060,36.9,27.4,39.6,41.2,23.7,27.5,41.8,30.4,24.3,58.4,52.4,73.7,52.9,28.9,35.1,67.1,21.7,37,40
"ssp245",2061,33.6,18.7,39.3,41.3,26.3,29,22.6,31.3,24.7,115.8,43.5,113.8,40.3,26,31.9,75.6,32.4,28.4,43
"ssp245",2062,37.1,65.8,30.6,39.5,33.5,28.2,31.9,28.3,12.3,52.5,55.1,108.3,51.6,29.3,34.7,68.1,30,30.5,42.6
"ssp245",2063,38.9,37.2,26.1,36.4,28.1,33.4,59.9,33.1,58.4,55.6,54.7,135.2,39.2,66.1,34.6,33,52.5,25.1,47.1
"ssp245",2064,44.2,39.4,41.6,32.2,27.2,37.1,39.5,28.1,21.8,44,56.6,48.5,59.7,51,41.7,43.5,41.6,18,39.8
"ssp245",2065,43.2,67.1,21.8,33.5,33.2,24.1,46.5,31.1,33.6,23.2,51,66.1,40.3,18.4,33.6,43.3,37.2,31.7,37.7
"ssp245",2066,42.4,37.1,59.9,42.3,28.1,25.2,38,28.6,17.6,55.9,58.5,123,43.2,27.6,36,44.7,45.5,40.4,44.1
"ssp245",2067,21.6,32,29.5,43.6,31.4,37.4,40.3,32.4,18.8,28.4,45.4,66.4,43.4,45.8,37.4,70.2,43.3,44.6,39.5
"ssp245",2068,49,45.2,61.6,52.6,24.4,28.8,22.9,35.4,23.6,32.1,59.1,44.2,50.4,47.3,45.2,18.8,42.1,37.2,40
"ssp245",2069,43,43.1,64,44.9,29.5,25.1,50.4,27.9,44.8,40,56,68.5,42.5,33.5,36.4,35.5,40.6,41.4,42.6
"ssp245",2070,33.8,44.6,71.4,39.3,27.8,26.8,38.6,35.2,14.2,48.4,58.7,88.9,45.5,51.5,42.9,24.1,31.3,28.3,41.7
"ssp245",2071,25.8,24.1,66.9,52.7,25.7,33.6,43.1,29.8,55.7,9.6,45.7,62.9,37.5,33.8,33.8,22.8,25,23.9,36.2
"ssp245",2072,44.2,20.9,30.3,40.9,41.1,23.2,39.3,30.5,22,37.7,45.8,81.4,72.9,20.5,37.9,40.7,38.1,26,38.5
"ssp245",2073,30.3,48.9,25.9,42.7,29.3,39.4,40.1,32.4,42.9,26.6,42.7,76.4,39.5,22.5,36.9,38,33.2,26.5,37.5
"ssp245",2074,47.8,48.2,37.1,35.4,33.4,26.3,32.6,33,34.8,27.5,47.5,157.3,49.6,50.3,37.2,68.8,36.2,25.7,46
"ssp245",2075,27.6,45.1,42.1,43.1,24,19.8,44.3,32.4,50.9,45.3,49.9,76.1,38.1,37.2,38.5,37.3,31.8,31.5,39.7
"ssp245",2076,31.3,41.5,44.5,37,30.1,20.6,40,31.6,30.9,31.1,61.5,92.7,61,39.1,37.2,24.3,40,28.1,40.1
"ssp245",2077,40.7,37.2,40.2,31.5,32.6,29.3,38.9,33.7,16.5,31.4,44.8,52.9,37.1,31.2,41.3,61.8,33.1,29.4,36.9
"ssp245",2078,38.7,19,40.3,33.1,29.9,30.9,45.5,32.6,70.8,41.4,51.5,55.1,48.1,41.1,35.1,64.2,12.6,42.2,40.7
"ssp245",2079,29.6,45.7,58,39.1,23.5,26.7,37.6,32.1,77.6,36.2,52.1,78.5,54.2,40.9,35.5,61.7,33.1,24.3,43.7
"ssp245",2080,48.7,36,27.4,27.2,25.3,21.6,49.7,28.5,36.4,70.9,38.5,45.1,47.6,40,38.9,48.1,55.2,28.8,39.7
"ssp245",2081,33.1,85.6,34.2,48,30.6,33.4,56.2,30,27.9,50.3,44.2,79.3,43.9,25.9,43.7,42.6,27.4,22.7,42.2
"ssp245",2082,40.2,53.9,28.7,47.8,37.8,34.8,25.1,30.7,41.9,58.1,38.8,86.9,53.9,33.3,40.3,60.8,27.5,54.2,44.1
"ssp245",2083,37.3,36.5,45.3,49.1,25.2,29.5,23.8,31,35.7,22,48.4,78.1,43.8,28.4,33.6,42.5,43.7,40.6,38.6
"ssp245",2084,45.9,62.3,57.9,47.5,26.6,32.1,56.9,34.5,31.5,30.8,44.9,47.8,37,46.8,34.3,41.3,24.2,23.1,40.3
"ssp245",2085,23.5,31.8,28.2,41.2,29.3,34.7,42.3,37.1,21,64.1,50.8,85.2,34.3,35,42.5,44.6,29.1,51.7,40.4
"ssp245",2086,54.5,42,24.1,50.1,28.5,26.4,35.8,37.4,41.2,49.3,39.4,62.9,43.6,21,34.1,52.8,39.9,29.6,39.6
"ssp245",2087,41.6,60.8,12.2,40.4,25.6,25.4,57.9,31.6,39.3,50.2,77,108.6,42.9,37,40.6,52.3,29.3,28,44.5
"ssp245",2088,36.7,59.7,31.7,48.7,18.6,25.1,32.4,33.9,36,33.8,49.9,134,34.7,15.9,40.3,55.7,36.9,41.4,42.5
"ssp245",2089,30.7,60.8,69.9,36.9,22.9,35.6,29.8,31.6,34.2,37.9,52.1,73.6,46.8,36.9,38,46.6,41.8,42.9,42.7
"ssp245",2090,40.1,68.3,47.6,48.9,36.1,28.5,47,32.5,59,55.6,45.1,52.8,45.8,44,38.5,62.1,30.8,34.6,45.4
"ssp245",2091,44.1,31.4,23.7,36.7,26.7,28.8,51.7,44.7,28.8,54.4,64.2,76.9,44.4,42.8,34.6,25.3,50,38.2,41.5
"ssp245",2092,31.5,21.2,23.7,39.7,19.8,33.7,34,33.6,26.5,48.6,55.6,69.1,34.6,27.8,40.7,81.7,40.5,29.3,38.4
"ssp245",2093,33.2,50,69,52.9,24.6,24.5,40.6,31.5,38,36.2,56.8,110.8,43.4,36.5,34.8,46.4,38.2,30.4,44.3
"ssp245",2094,35.3,29.4,55.4,26.5,25.4,22.9,37.7,36,29.4,55.9,57.7,63.2,57.4,39.9,45.5,48.9,19.3,35.8,40.1
"ssp245",2095,33.9,53.7,37.4,44.1,30,28.6,37.6,30.6,37.3,40.4,53.5,22.7,68.9,32.5,34.2,86,45.5,23,41.1
"ssp245",2096,39.3,48.3,45.5,51.7,36.5,30.4,45.1,34,57.7,44.6,44.5,86.6,47.3,54.1,44.2,58.5,41.5,29.4,46.6
"ssp245",2097,36,50,84.9,44.4,27,32.7,39.6,28.4,52.5,65.3,49,56.3,35.8,44.5,35.1,61.2,46.4,21.9,45.1
"ssp245",2098,32.7,45.5,44,47.7,23.8,37,36.5,31.2,30.7,35.5,41.5,51.1,43.6,29.4,41.6,45,45.7,32.6,38.6
"ssp245",2099,37.9,47.3,30.7,37.3,31.4,26.8,47.1,32.6,38.6,68.8,53.2,47,54,22.7,42.3,72.6,33.8,35.9,42.2
"ssp245",2100,35.6,21.3,34.9,35,30.4,36.9,38.9,34,41.5,47.1,35.8,86,40.1,25.5,43.8,60,31,29.8,39.3
"ssp370",2015,32.2,NA,26.9,23.7,27.5,27,41,15.6,NA,43.8,42.6,51,42.5,35.4,35.7,46.7,NA,29.9,34.8
"ssp370",2016,27.1,NA,43,36.6,31.1,16.1,39.6,35.9,NA,40.2,43.6,75.3,43,31.9,39.6,41.2,NA,21.8,37.7
"ssp370",2017,29.4,NA,54.3,28.9,25.2,27.8,34.2,38.1,NA,41.8,41.3,111.2,38.5,39.7,38.9,36.8,NA,31.3,41.2
"ssp370",2018,28.6,NA,34.6,24.9,22.6,24.8,43.8,20.9,NA,38.3,51.7,42.2,37.5,37.2,33.5,44.9,NA,41.1,35.1
"ssp370",2019,35.2,NA,54.4,33.5,25,20.3,43.3,16.5,NA,36.8,54.5,68.9,43.1,32.7,40.7,40.8,NA,33.8,38.6
"ssp370",2020,43.3,NA,65.3,37.7,24.4,30.5,53.4,18.7,NA,36.3,51.2,64.8,42.6,37.8,34.4,46.7,NA,30.8,41.2
"ssp370",2021,40.9,NA,71,32,24.7,18.7,59.7,51.1,NA,38.6,52.1,23.3,40,36.6,29.7,41.8,NA,24.9,39
"ssp370",2022,25.7,NA,46.1,30.6,25.5,29.2,48,27,NA,39,35.7,58.2,35.1,36.5,37.1,43.4,NA,30.4,36.5
"ssp370",2023,34.1,NA,48.3,31.4,20.7,28.7,24.3,20.3,NA,45.7,41.3,52.4,38.9,37.8,36.5,42.8,NA,47.4,36.7
"ssp370",2024,44,NA,41.1,32.7,23.6,20.2,44.9,19.8,NA,43.9,48.4,56.8,26.8,41,38.3,54.1,NA,26.8,37.5
"ssp370",2025,29.3,NA,20.8,37.9,26.5,32.4,53.2,31.5,NA,37.1,43.4,65.2,48.2,38.8,35.4,57.3,NA,15.4,38.2
"ssp370",2026,39.8,NA,54.3,28,24.9,25.6,20.6,20.5,NA,45.4,50.1,60,42.5,37.2,40.9,39,NA,51,38.7
"ssp370",2027,38.5,NA,26.3,34.1,37.5,30,39.6,23,NA,33.6,47.8,50.3,50.9,39.9,36.3,47.9,NA,19.6,37
"ssp370",2028,29.8,NA,60.8,33.2,23.5,24.1,55.8,25.8,NA,38.8,56.4,87.1,36,24.8,31.6,34.2,NA,36.6,39.9
"ssp370",2029,27.9,NA,61.8,39.7,35,23.5,38.1,51.4,NA,40.7,49.8,96.5,47.7,29.8,36,40.2,NA,28.8,43.1
"ssp370",2030,27.6,NA,47.5,39.5,28.6,29.3,18.2,20.9,NA,46.1,47.7,134,43,25.7,36.9,48.2,NA,34.6,41.9
"ssp370",2031,26.4,NA,34,30.6,24.1,23.8,48.1,26.6,NA,43.6,49.4,87.1,50.1,30.2,40.1,48.2,NA,31,39.6
"ssp370",2032,28.7,NA,25,45.3,27.8,21.1,47.5,30.4,NA,27.5,53.2,56.8,48.8,37.5,34.9,40.8,NA,30.8,37.1
"ssp370",2033,40.8,NA,53.4,27.3,19.3,23.1,32.5,39.2,NA,40.8,47.2,98.2,37.1,27.7,33.1,54.4,NA,25.3,40
"ssp370",2034,32.3,NA,44.8,40.8,32.9,30.9,34.9,55.5,NA,46.3,53.1,112.7,45.4,32.6,30.8,46.3,NA,36.7,45.1
"ssp370",2035,31,NA,16.2,44.3,28.1,33.7,43.9,27.7,NA,32.9,51.8,116.3,35.5,39.2,36.4,40.7,NA,24.4,40.1
"ssp370",2036,38.1,NA,64.5,33,25.5,24.1,39,28,NA,43.3,46.6,61.7,30.1,29.2,36.6,34.2,NA,23.1,37.1
"ssp370",2037,37.8,NA,12.8,41.7,20.4,29,35.6,13.4,NA,50.4,48.4,57.2,42.8,32,34.8,52.2,NA,15.7,34.9
"ssp370",2038,38.2,NA,34.7,44.9,26,16.5,25,22.9,NA,41.4,50.9,81.2,41.9,31,37.8,38.3,NA,30,37.4
"ssp370",2039,39.6,NA,63,44.4,23.9,30.8,52.7,25.2,NA,54.7,38.9,79.9,73.6,35.8,43.7,46.4,NA,21.5,44.9
"ssp370",2040,33.6,NA,44.1,37.8,31.2,29.3,57.8,23.9,NA,47.3,57.7,54.3,56.8,32.9,42.7,40.3,NA,29.5,41.3
"ssp370",2041,34.6,NA,65.4,39.5,25.5,25.9,32,28.8,NA,38.8,42,55,60.4,30.4,44.1,38.5,NA,26.2,39.1
"ssp370",2042,32.6,NA,52.6,37.2,29.1,28.5,29.8,18.4,NA,38.3,55.7,48.5,69.7,38.4,47.4,39.8,NA,34.8,40.1
"ssp370",2043,22.8,NA,36.6,42.5,23.8,37.4,32.8,31.3,NA,37.1,58.7,108.2,32.9,35.6,44.8,49.4,NA,18.8,40.8
"ssp370",2044,25.2,NA,41,46.6,24.3,19.8,55.1,13.4,NA,38.8,48.9,67.2,39.2,29.5,34.4,47.9,NA,35.5,37.8
"ssp370",2045,42.5,NA,71.4,39.1,27.7,27.5,19.8,13.5,NA,37.6,54.2,41,30.8,39,37.5,37.8,NA,38.7,37.2
"ssp370",2046,31.5,NA,52.4,41.6,32.1,24,71.6,21.4,NA,40.2,52.7,61.1,43.4,37.4,26.8,47.7,NA,23.1,40.5
"ssp370",2047,28.1,NA,39.6,40.1,20.5,22.7,28.3,21.2,NA,37.1,54.5,51.6,25.1,29.9,36.7,47.8,NA,36.4,34.6
"ssp370",2048,26.2,NA,24.4,45.5,29,25.6,19.1,11,NA,39.7,60.2,108,28.4,34.7,46.2,50.8,NA,46.8,39.7
"ssp370",2049,31.8,NA,48.3,37,23.5,25,44,25.9,NA,51.1,44.4,83.6,20.7,41.2,39.7,37.3,NA,43.3,39.8
"ssp370",2050,37.7,NA,32.5,34.8,30.6,38,44.1,36,NA,46,49.4,75.3,39.6,40.2,37.4,39.6,NA,34.1,41
"ssp370",2051,38.2,NA,42.5,37.4,20.9,19.3,18.1,7.2,NA,47.4,58.9,50.8,61.6,38,36.7,46.7,NA,26.1,36.7
"ssp370",2052,30.4,NA,26.9,42.4,32.1,20.7,67.9,27.4,NA,47.5,53.3,90.1,59.3,35.7,32.6,44.5,NA,35.9,43.1
"ssp370",2053,29.9,NA,66.4,41.5,22.9,23.9,48,28.5,NA,43.9,56.2,124.3,24.8,39.1,32.5,42,NA,46.7,44.7
"ssp370",2054,27.7,NA,35.2,49,27.2,33.1,68.3,38.6,NA,42.2,46.3,81,47,41.7,36.4,43.7,NA,29.9,43.2
"ssp370",2055,38.5,NA,61.6,48.4,29.2,20.8,57.6,23.7,NA,45.5,54.1,46.9,51.1,39.2,40,38,NA,39.2,42.3
"ssp370",2056,32.8,NA,45.9,36.5,25.2,22.8,20.9,54.1,NA,42.3,49.1,66,40.4,28.9,36.1,46.9,NA,28.4,38.4
"ssp370",2057,29.1,NA,37.4,37.4,24.3,25.9,25.1,29.1,NA,53.6,57.9,51.4,57.5,39.9,46.4,32.3,NA,46.9,39.6
"ssp370",2058,57.2,NA,44.6,40.5,32.1,34.4,57.8,40.4,NA,49.1,46.8,74.6,51.1,38,34,40.7,NA,32.3,44.9
"ssp370",2059,37.7,NA,37.2,44.4,27.6,24,25.1,30.5,NA,45.3,48.7,44.2,37.7,33.3,33,42.8,NA,20.9,35.5
"ssp370",2060,33.7,NA,52.7,43.4,29.1,49.5,29.3,41.7,NA,44,51,126.5,45.4,33,38.8,57.3,NA,30.3,47
"ssp370",2061,38,NA,45,41.9,30.9,29.9,21.8,28.4,NA,45.7,46,54.3,43.6,42.1,40.2,50.4,NA,35.1,39.6
"ssp370",2062,42.3,NA,37.3,43.7,35.9,39.1,34,36.3,NA,55.5,58.3,89.3,34.2,31.7,44.6,34.5,NA,33.2,43.3
"ssp370",2063,42.2,NA,40.8,54.7,30.6,31.8,52,35.2,NA,49.2,52.4,60.5,55,35,46.5,45.4,NA,36.5,44.5
"ssp370",2064,45.8,NA,39,33.1,34.8,29.3,36.7,27.8,NA,56.7,42.8,61.9,49.3,35.6,38.3,46.3,NA,30,40.5
"ssp370",2065,28.2,NA,57.1,42.9,24.3,27,37.8,42.1,NA,47,57.6,93.1,36.7,34.4,42.1,49.6,NA,29.4,43.3
"ssp370",2066,32.2,NA,50.1,37,26.3,22.1,41.5,48.8,NA,32.1,43.9,30.8,42.5,34.3,35.1,52.9,NA,33.2,37.5
"ssp370",2067,35.2,NA,63.5,37.3,22.4,24.5,36.5,25.7,NA,48,57.5,52.8,27.4,48.7,29.5,36,NA,35.7,38.7
"ssp370",2068,42.6,NA,28.8,42.7,35.9,30.2,21,30,NA,41.1,51.1,74.7,52.4,44.3,37.9,50.6,NA,30.2,40.9
"ssp370",2069,43.4,NA,36.4,52.9,25,16.7,22.9,24.2,NA,33.4,49.9,118.4,52.1,29.5,38.6,57.4,NA,27.1,41.9
"ssp370",2070,31.4,NA,38.8,42.1,29.5,40.9,55.7,42.8,NA,43.4,49.3,55.7,43.6,40.7,33.8,32.7,NA,33.2,40.9
"ssp370",2071,35.2,NA,69.3,39.3,29.9,26.8,52.7,55.9,NA,48.2,48.7,62,43,37,39.3,46.3,NA,38.8,44.8
"ssp370",2072,41.2,NA,37.6,30.9,24.2,28.2,27.1,32.9,NA,50.9,56.5,28.9,53.5,30.5,38.9,41.5,NA,49.4,38.1
"ssp370",2073,26.6,NA,66.8,36.4,28.7,40.8,32.9,33.1,NA,57.8,48.3,84.4,40.6,40.3,40.6,51.8,NA,39,44.5
"ssp370",2074,26.7,NA,30.5,43.2,25.5,22.9,34.9,60.2,NA,51.5,63.3,57.1,19.2,25,35.1,36,NA,30.4,37.4
"ssp370",2075,40.6,NA,25.2,39.9,19.7,26.2,45.3,41.5,NA,52.9,52.4,65.6,38.7,44.1,50.1,40.9,NA,34.4,41.2
"ssp370",2076,47.3,NA,51,50.7,35.3,32.5,28.9,34.4,NA,44.3,40.3,70.3,64.2,33.4,35.4,47.5,NA,36.6,43.5
"ssp370",2077,40.5,NA,30,40.6,28,23.9,93.5,31.9,NA,40.5,52.7,72.4,58.9,41.3,42.7,48.9,NA,39.5,45.7
"ssp370",2078,40,NA,47.5,47.7,29.9,25.4,24.2,28.6,NA,56.7,52.2,61.4,45.3,44.1,40.1,44,NA,31.6,41.2
"ssp370",2079,41.9,NA,19.6,52.4,34.1,28.3,34.3,25.2,NA,52.5,52.4,109.6,47.7,31.3,41.4,44.4,NA,25.3,42.7
"ssp370",2080,45.4,NA,44.9,41.8,26.9,36.4,39.9,37.8,NA,51.3,62,39.4,42.1,33.4,37.8,39.8,NA,33.7,40.8
"ssp370",2081,31.9,NA,18.8,39.6,32.3,31.1,20.5,32.9,NA,52.3,50.4,91.7,49.9,37.2,34.5,39.8,NA,26.9,39.3
"ssp370",2082,36.1,NA,29.6,48.4,28.4,31.1,35.3,33,NA,60.7,54.6,94.3,35.9,34.9,46.6,51.1,NA,25.6,43
"ssp370",2083,40.9,NA,49.8,43.7,28.7,25.6,44,31.7,NA,48.6,57.3,96.4,40.1,47.3,33.9,44.2,NA,31.8,44.3
"ssp370",2084,33.8,NA,62,41.8,22.3,27.4,34.6,27.7,NA,42.9,62.5,63.6,47.5,33.2,37.8,38.2,NA,16.4,39.4
"ssp370",2085,43.6,NA,57.6,49,27.3,19.9,37.8,17,NA,45.5,57.7,37.5,45.8,31,40.1,44.4,NA,40.3,39.6
"ssp370",2086,53.9,NA,70.1,47.2,30.4,36.6,24.7,27.1,NA,47.9,55.8,91.3,54.3,32.8,44.5,35.1,NA,27.9,45.3
"ssp370",2087,34,NA,54.7,55.1,31.1,40.4,36.9,33.7,NA,49.6,45.9,84.3,38.8,34.3,48.3,40.4,NA,47.3,45
"ssp370",2088,44,NA,48.2,48,27.3,21.3,47.2,23.7,NA,50.1,59.9,91.5,30.8,38.6,50.6,37.1,NA,37.5,43.7
"ssp370",2089,31,NA,37.6,39,26.8,40.3,48.7,54.8,NA,50.6,48.4,65.8,59.4,34.9,37.3,35.2,NA,37.8,43.2
"ssp370",2090,34.2,NA,45,46.3,35.3,23.1,28.2,26.7,NA,48.8,55.2,66.4,44.8,39,37.4,43.2,NA,22.8,39.8
"ssp370",2091,54.1,NA,42.7,37.9,29.9,34.5,23.5,37.7,NA,57,52.2,112.8,34.6,41.6,45.3,37.5,NA,20.6,44.1
"ssp370",2092,38.8,NA,52,40.8,28.4,27.5,57.4,39,NA,38.7,58.6,102.1,34.6,35.6,38.4,50.4,NA,29.7,44.8
"ssp370",2093,33.2,NA,44.4,37.2,31.1,35.3,21.8,24.5,NA,45.2,47.2,51.5,49.7,41.7,40.5,30.2,NA,35.2,37.9
"ssp370",2094,38.8,NA,37.9,46.7,24.9,28.6,34.7,14.2,NA,52.8,56.4,75.5,65.8,39.7,45.1,38.3,NA,29.5,41.9
"ssp370",2095,45.2,NA,6.5,52.2,46.4,32.1,32.2,38.2,NA,51.2,68,56.2,53.7,41.9,43,46.1,NA,28.5,42.8
"ssp370",2096,40.6,NA,51.7,45.5,32.2,39.8,28.1,24.2,NA,45.3,55.9,72.3,27.2,33.5,40.9,35.7,NA,39,40.8
"ssp370",2097,30.2,NA,55.4,51.2,34,29.9,36,28.3,NA,60.6,50.1,76.7,51.3,42.8,29,58.3,NA,23.9,43.8
"ssp370",2098,43.7,NA,47.6,36.4,20.1,31.3,59,54.3,NA,50,53,115.7,50.4,35,43,50.1,NA,25.5,47.7
"ssp370",2099,43.9,NA,10.1,48.3,37.1,34.9,25.6,16.9,NA,51.7,56.6,78.3,49.4,35.2,40.3,46.1,NA,26.2,40
"ssp370",2100,32.3,NA,60.4,43.4,38.8,35.3,14.4,42,NA,43.9,44.2,80.6,28.7,44.9,40.2,54,NA,32.1,42.3
"ssp585",2015,34.5,37.9,18.7,33.4,27.6,18.2,57.6,29.3,40,23.3,53.4,46.7,48.7,18.4,13.2,31.8,42.8,18.6,33
"ssp585",2016,42,42.8,27.7,29.6,27.7,17.7,63,29.6,36.9,65.5,39.3,40.7,58,25.4,29.6,62.1,25.6,33.6,38.7
"ssp585",2017,35.6,38.1,30.7,35.3,22.3,28.8,49.2,35.9,20.4,32.7,48.5,94.5,37.8,23.7,47.4,42.3,50.2,33.1,39.2
"ssp585",2018,31.8,42.6,45.9,34.6,28.8,31.1,36.2,52.7,40.4,25.8,38.2,87.1,33.8,21.4,39.5,24,37.8,41.5,38.5
"ssp585",2019,26.7,17.1,36,43.1,21.9,20.3,39.8,38.9,43.9,54,47.7,41.1,36.3,33.7,23.6,19.5,27.6,35.8,33.7
"ssp585",2020,45.6,47.4,56.6,29.1,31.1,30.3,38.1,25.9,23.7,49.5,50.6,58.8,31.1,65.7,39,52.5,30,34.2,41.1
"ssp585",2021,46.2,52.7,32.1,37,23.3,25.5,26.3,47.2,59.8,36.7,44.8,64.8,37,24.8,34.1,37.2,37,36.4,39
"ssp585",2022,28.2,46.5,40.2,31,24.3,38,35.9,37.6,54.5,34.4,48.2,70.1,49.1,49.4,35.8,34.9,37.2,25.5,40
"ssp585",2023,26.2,62.5,40.7,23.9,25.5,25.9,29.7,33.5,53.2,35.8,41.2,30.3,43.3,49.8,36.7,52.6,45.5,34.5,38.4
"ssp585",2024,37.8,22.1,59.5,30.9,24.2,22.9,45.7,55.1,33.9,30.2,42.4,43.7,20.9,34.3,20.1,41.1,38.9,23.6,34.9
"ssp585",2025,28.7,31.3,27.4,34.5,27.4,30.5,38.6,36.2,38,52.3,40.8,112.8,36.3,39.8,27.8,23.1,34.7,28.4,38.3
"ssp585",2026,28.3,21.7,27.5,37.7,21.5,23,48.2,23.6,30.9,47,58,60.5,53.4,37.8,38,34.7,22.6,31.8,35.9
"ssp585",2027,29.7,20.6,48.7,38.9,28,39.3,34.4,33.2,35.6,46.8,56.8,91.4,62.5,50.5,50.4,61.6,47.6,27.1,44.6
"ssp585",2028,32.2,25.8,50.5,37.8,26.4,18.1,47.7,22.6,39.1,62.5,50.8,71.3,49.2,27.9,20.4,62.4,29.9,42.3,39.8
"ssp585",2029,31.9,42.4,18.3,40.9,30.2,29.7,28.5,16.8,39.6,33.8,53.1,87.2,42.8,34.2,30.2,42.1,52.2,29.9,38
"ssp585",2030,29.7,41.8,48.2,35.3,29.7,23.2,82.1,25,32.6,30.4,50.1,69.8,25.3,66,47.5,61.3,46.4,35.2,43.3
"ssp585",2031,29.8,29,19.7,38.3,23.7,22.4,31.3,29.3,51.7,59.2,43.8,50.6,34.8,13.8,31,83.3,40,40.1,37.3
"ssp585",2032,35.2,28.4,39.8,30.9,29,19.9,28,33.9,28.3,27.7,51.2,86.4,33.6,33.6,32.8,28.4,37.3,27.5,35.1
"ssp585",2033,46.1,40.8,29.4,35.6,20.1,22.7,50.2,32.8,30.1,30.6,63.1,54.7,30.8,16.9,52.6,51.5,39,29.8,37.6
"ssp585",2034,31.5,29.4,44.1,34.7,27.9,24.1,26.5,45.4,51.4,62.8,72.3,88.7,34.8,41.1,50.3,75.1,43.1,31.3,45.2
"ssp585",2035,50.6,36.2,27.7,42.6,25.4,29.8,63.6,44.6,21.5,46.2,41.7,48,68.2,29.1,28.1,61,35.5,41.8,41.2
"ssp585",2036,43.8,80.6,37,41.9,29.7,36.1,28.1,40.7,32.9,65.1,45,112.8,31.3,35.7,42.3,50.2,35.4,37.3,45.9
"ssp585",2037,43.8,44.6,56.6,41.5,34.6,25.5,12.6,19.8,34.9,21.8,65.8,143.8,48.6,57,33.3,29.7,26.6,32,42.9
"ssp585",2038,32.7,10.5,48.9,34.5,30.6,24.9,43.6,24.8,43.8,54.6,38.8,84.8,41.5,21.6,46,40.1,33.5,25.9,37.8
"ssp585",2039,51.5,25.1,82.8,30.3,33.9,27.2,35.5,50.9,38.4,79.9,62.1,49.5,47.3,35.1,32.2,68.5,34.8,40.1,45.8
"ssp585",2040,32.9,36.7,25.2,43.7,26.2,32.3,27.8,68.1,22.2,44.7,40.5,39.3,29.1,34.3,15.2,59.4,28.1,31.1,35.4
"ssp585",2041,29,53.4,38.6,45.2,24.9,13.2,42.8,47.5,35.3,44.5,46.3,125.6,38.4,45,40,44.3,25.6,29.8,42.7
"ssp585",2042,37.8,37.9,23.5,43.3,36.3,20.1,44.8,24,31.9,45.5,53.5,128.2,50,19,27.6,25.3,41.7,22.9,39.6
"ssp585",2043,31.4,45.5,49.8,43.9,27.9,22.5,39.7,39.4,35.3,65.1,39.4,67.5,60.4,35.3,42.4,28,25.9,33.4,40.7
"ssp585",2044,40.6,60.8,16.3,43.1,18.5,27.1,37.6,28.3,36.8,43.3,51,74.5,48.7,40.2,40,60.6,30.4,36.9,40.8
"ssp585",2045,40.8,51.4,40.7,38.1,40.5,22.8,34.4,30.4,38.5,43.1,43.5,92.8,26.8,58.8,61.4,62.2,22.9,29.2,43.2
"ssp585",2046,32.7,43.4,37.6,43.6,25.1,21.5,58,39.4,36.6,40.9,45.7,94.6,27.6,41,36,34.3,26.2,35.1,40
"ssp585",2047,45.8,56.1,54.3,46.5,31,22.8,57.4,27.3,26.3,56.5,49.6,38.7,35.9,22.5,29.4,16.4,27.7,28.8,37.4
"ssp585",2048,41.9,9.2,62.3,37.9,24.4,23.9,30.8,31.3,33.5,31.7,48.7,53.4,47.2,50.5,32.2,51.4,32.3,31.6,37.5
"ssp585",2049,40.7,29.1,30,48.1,30.9,36.2,36.7,36.9,29.7,59.3,65.1,56.3,33.4,43.1,47.8,26.1,36.5,42,40.4
"ssp585",2050,32.9,33.9,58.5,37.6,23.4,26.2,29.2,38,38.9,60.3,51.2,125.9,38,38,28.3,35.8,53.8,46.3,44.2
"ssp585",2051,23.4,52.6,48,32.9,27.2,28.1,22,21,49.3,77.1,46.7,95.1,31.9,37.7,29.1,72.1,68,29.7,44
"ssp585",2052,32.2,44.9,30.2,46.5,29.4,35.1,42.9,34.3,44.7,72.6,45.3,50.2,44.5,42,42,54.9,28.2,32.6,41.8
"ssp585",2053,34,72.1,43.5,38.1,33.8,33.8,62.9,52.5,41.8,47.1,48.4,67.1,71.8,53.8,36.9,11.5,41.2,28.3,45.5
"ssp585",2054,26,18.6,56.1,40.4,28.6,35,35.9,29.8,48,30.2,47.5,72.3,59.6,53.4,33.9,52.8,42.5,30.3,41.2
"ssp585",2055,40.8,40.1,44.4,34.3,27,23.2,69.3,28.7,23.8,51.5,51.9,71.9,38.5,40.3,64.5,39.5,54.1,28.7,42.9
"ssp585",2056,48,31.8,48.4,44.7,19.9,35.4,46.6,26.3,29.9,4.2,50.6,112.3,44.6,25.4,24,50.2,22.7,26.8,38.4
"ssp585",2057,30.4,32.7,77.1,34.1,25.9,29,49.9,29.8,34.8,44.8,43.4,44,30.9,57.4,40.2,46.8,57,40.6,41.6
"ssp585",2058,46.1,51.8,35,45,26.8,27.6,67.1,17.9,38.5,69.3,54.5,84.9,49.2,78.9,51.1,53.5,14.9,23.1,46.4
"ssp585",2059,47.2,96.6,23.5,40.4,30.6,32.2,49.2,31.8,17.4,62.7,41.9,75.4,63.4,22.6,56.4,38,35.8,22.8,43.8
"ssp585",2060,35.1,52.1,58.4,33.7,28.7,38.6,64.7,54.8,34.9,55.8,65.3,98.6,46,35,15.4,48.3,19.4,26.9,45.1
"ssp585",2061,39.5,38.8,47.1,46.6,29.3,33.7,34,11.6,40.2,44.4,54.2,53.9,45.3,53.5,68.6,113.9,31,36,45.6
"ssp585",2062,40.7,47.3,42.6,42.9,33.8,33.1,54.5,39.2,51,70.4,63.7,53,28.1,39.2,62.2,53,33.2,26.3,45.2
"ssp585",2063,51.3,40.7,53.9,38.3,32.4,28,77.6,40.1,42.3,68.6,56.3,59.2,40,37.8,35.5,47.2,47.8,27.5,45.8
"ssp585",2064,48.5,41.8,50,41.5,32.6,33.1,41.3,30.6,24.2,33.7,51.9,112.2,54.9,22.6,43.9,58.6,34.5,25.2,43.4
"ssp585",2065,47.2,44.7,70.6,45.6,31.5,32.7,33.9,43.6,48.8,33.3,49.3,100.2,56.6,17,27,50.1,23.1,43.3,44.4
"ssp585",2066,37.3,59.1,42.1,41.3,32.8,33,54.7,39.3,30.6,77.8,58.7,78.8,38.8,58.1,62.2,78,38.1,32.7,49.6
"ssp585",2067,44.8,43,37,39.3,27.9,32.5,52.2,46.2,20.1,23,47.1,119.8,29.4,29.2,42.8,34.8,38.7,32.5,41.1
"ssp585",2068,59.6,57.4,35.5,50.5,33,29.4,28.1,19.7,25.8,49.8,66,94.4,65.1,51.9,53.8,19.4,54.2,19.2,45.2
"ssp585",2069,24.4,19.4,49.3,40.6,30.2,32.6,41.8,31.9,34.8,45.2,50.3,34.3,48.6,26.3,33.2,32.4,35,34.6,35.8
"ssp585",2070,41.1,34.6,34.1,51.2,33.9,34.2,54.5,63.3,36.1,59.9,49.7,144.4,35.6,33.3,42.5,14.7,47.1,36.3,47
"ssp585",2071,45,23.5,50.3,41.9,30,27.1,26.6,28.6,39.6,47.8,54.9,87.6,46.3,24.7,49.5,23.2,34.2,23.9,39.1
"ssp585",2072,36.6,53.9,43,43.9,31.9,29.9,16.9,37.3,49.4,49.2,43.1,142.8,49.6,43.2,29.2,74.5,36.5,37,47.1
"ssp585",2073,27.2,40,45.8,49.8,22.2,21.7,56.9,34.2,30.7,54.8,51.3,121.5,49.6,42.3,46.5,26.5,43.4,27,44
"ssp585",2074,55.6,50.2,30.6,45.1,24.9,19,35.1,28.7,25.6,70.1,45.8,52.9,38.2,36.1,40.1,51.4,46.5,35.5,40.6
"ssp585",2075,59,25.9,35,46.3,37.4,24.5,29.6,19.3,26.7,26.4,59.9,50.5,40.5,44.7,43.4,40.3,33.6,32.5,37.5
"ssp585",2076,66.5,29.2,42,38.7,29.6,26.2,42.7,41.5,35.5,70.9,83.6,105.3,51.3,14.8,50.5,46.2,37.8,39,47.3
"ssp585",2077,42.6,51.8,51.7,39.7,22.4,28.5,53.8,32,33.6,64.5,47.1,102.4,64.3,26.4,46.1,46.7,35.5,39.4,46
"ssp585",2078,42.2,53.4,27.5,57.3,27.7,41.5,47.1,42.6,32.9,85.4,54.7,73.3,39.1,31.3,50.6,55.3,55.4,38.9,47.6
"ssp585",2079,44.1,39.4,91.6,60.7,26.5,37.2,40.7,33.2,37.5,44,48.1,34.3,30.2,37.6,46.4,28.4,43.1,26.2,41.6
"ssp585",2080,29.9,62.6,25.6,41.4,29.9,29.5,40.9,39.8,33.5,55.2,51.3,56.5,32.7,55.7,50.7,63.8,48.8,33.9,43.4
"ssp585",2081,24.7,70.4,32,50.6,41.3,43.8,9.4,42.9,21.9,43.8,56.4,75.1,60,57.2,41.8,42.2,41.8,33.3,43.8
"ssp585",2082,46.6,111.2,50.9,44,40,35.3,24.2,29.4,31.2,28.9,65.9,81.6,54.3,37.5,49.5,62.7,40.4,24.7,47.7
"ssp585",2083,36.8,36.8,35.8,38.6,33.1,36.6,29.1,29.4,32.5,43.5,45.7,41.1,34.1,65.2,42.1,14.1,27.1,31.2,36.3
"ssp585",2084,34.1,66.5,37.3,47.2,38.8,38.3,35.4,51.4,43.6,84.3,40.4,111.4,44.4,20.1,40.9,39.9,42.5,43.1,47.8
"ssp585",2085,44.6,53,33,49.8,46.7,37.9,28,22.3,37.2,96.9,78.5,78,53.2,59.1,26.7,56.9,62,36.3,50
"ssp585",2086,26.1,16.5,49.6,54.2,31.7,31.9,28.2,36.4,33.3,44.4,50.2,72.1,48.1,41.7,24.7,115.1,72.8,22.8,44.4
"ssp585",2087,40.4,71.7,49.8,47.8,41.7,40.2,34,26.5,31.7,31.1,49,39.2,33.3,37.6,55.2,33.6,50.5,38.8,41.8
"ssp585",2088,26.9,43.6,7.6,43.5,28.5,33.9,79,26.3,37.6,62.5,58.9,65,61.6,26.8,30.4,40.5,41,37,41.7
"ssp585",2089,38.2,50.8,41,45,28,35.3,27.2,64.8,36.3,40.4,53.4,121.9,48.8,19.9,42.4,62.6,44.5,37.7,46.6
"ssp585",2090,35.8,31.9,28.2,48.3,27.6,22.8,55.5,31.8,29.3,45.3,71.4,90.5,33.2,54.4,51.1,48.7,40.9,26.4,43
"ssp585",2091,36.8,40.7,75.4,50.7,38.6,38.9,48,32.2,28,83.1,75.4,100.3,60.7,17.6,47,30.5,42.8,25.5,48.5
"ssp585",2092,27.1,49.9,34.9,43.5,35.7,22,36,46.8,27.6,58.8,42.7,87.8,49.9,85,74,37.9,34.6,26.6,45.6
"ssp585",2093,38.2,59.8,49.4,51.6,30.2,30.5,44.8,27,28.1,48.8,59.7,113.3,49.2,22.5,51,50.3,56.9,35.8,47.1
"ssp585",2094,34.9,81.1,45.4,51.8,44.9,23.3,38.3,32.5,33.6,69.1,53.6,108.5,40.2,68.1,38.1,69.6,53.8,40.7,51.5
"ssp585",2095,38.5,41.4,36,49.7,27.4,36.2,37.4,28.9,29.4,32.2,59.9,58.5,50.4,23,63.3,90.1,58.6,27,43.8
"ssp585",2096,33.7,74,31.1,65.4,39.9,33.8,37.5,41.9,31.2,18.2,52.6,76.9,40.1,26.9,23.9,61.7,21.9,26.4,41
"ssp585",2097,38,51.7,61.1,56.7,36.6,38.5,45.8,43.2,25.3,57.4,59.9,83.5,79.2,33.4,36.4,35.9,24.9,34.5,46.8
"ssp585",2098,36.2,47.6,109.7,46.1,42.2,24.3,43,39.1,22.7,82.2,68.5,152.6,39.9,46.3,35.7,63.3,49.4,30.2,54.4
"ssp585",2099,54.1,56.3,48,54.7,43.6,25,36.3,52.6,35.7,85.6,49.8,89.8,70.7,33,36,42.6,63.3,31.9,50.5
"ssp585",2100,31.5,54.2,30.1,57.8,37.4,36.5,38.9,41.5,53.2,45.7,63.6,67.4,33.3,74.4,67.8,37.8,40.2,40.2,47.3
